id	user	nice	system	idle	cpu_jiffy_user	cpu_jiffy_kernel	cpu_jiffy_user_childs	cpu_jiffy_kernel_childs	iowait	irq	softirq	tot_intrpt	cntx	tot_process	minor_fault	minor_fault_childs	major_fault	major_fault_childs	no_threads	virtual_mem_size	resident_mem_size	total_cpu	duration	R*duration	G*duration	B*duration	lseek	rt_sigtimedwait	uname	kill	epoll_create	umask	send	writev	fchmod	getpid	epoll_wait	read	getgid32	cacheflush	gettid	fsync	geteuid32	recvfrom	sched_get_priority_max	sendto	clock_gettime	inotify_init	connect	getsockname	close	flock	getegid32	rt_sigprocmask	inotify_add_watch	access	sigaltstack	munmap	socketpair	setpgid	getcwd	symlink	getpeername	sigaction	setsockopt	socket	sendmsg	epoll_ctl	chmod	brk	poll	open	select	unlink	sigprocmask	getsockopt	getpriority	recv	nanosleep	mkdir	set_tls	rmdir	dup	mprotect	listen	fork	fchown32	getuid32	sched_yield	statfs64	gettimeofday	mremap	fcntl64	execve	msync	wait4	chdir	madvise	getrusage	sched_setscheduler	ftruncate	rename	getdents64	accept	readv	prctl	pipe	sched_getparam	rt_sigreturn	write	setpriority	recvmsg	getrlimit	stat	restart_syscall	clone	sched_getscheduler	ioctl	readlink	clock_nanosleep	bind	futex	mmap2	utimes	energy	
1	635.25	1.0	316.0	30630.5	185.25	39.5	0.0	0.0	58.5	0.25	0.0	23547.5	28579.25	189.25	27343.0	0.0	0.5	0.0	9.0	502326272.0	20906.5	224.75	143	25454	23595	19877	71.0	0.0	0.0	0.0	0.0	0.0	0.0	42.6	1.0	111.4	139.8	169.6	0.0	338.0	45.4	1.8	0.0	90.0	0.0	59.6	790.8	0.0	0.0	0.0	41.0	0.0	0.0	0.0	0.0	9.8	0.0	170.8	0.0	0.0	0.0	0.0	0.0	0.0	2.0	0.0	0.0	4.0	2.8	0.0	0.0	28.0	0.0	0.8	476.0	0.0	29.8	0.0	13.0	1.0	5.2	0.0	10.0	773.6	0.0	0.0	0.0	79.2	0.0	0.0	4.4	2.0	8.0	0.0	0.0	0.0	0.0	80.2	0.0	0.0	0.0	0.8	4.0	0.0	0.0	3.0	0.0	0.0	0.0	84.0	3.0	0.0	0.0	40.0	0.6	5.2	0.0	1388.6	0.0	0.0	0.0	1840.2	478.0	0.0	128.515190222	
2	1364.5	0.5	682.5	32760.0	624.25	93.75	0.0	0.0	39.75	1.25	0.0	51207.25	85059.25	244.5	17476.75	0.0	0.0	0.0	10.0	498252800.0	15476.0	718.0	158	16590	20540	8532	53.0	0.0	0.0	0.0	0.0	0.0	0.0	28.6	3.0	886.8	1370.6	426.4	0.0	1508.8	158.4	0.0	0.0	403.2	0.0	61.2	6762.0	0.0	0.0	0.0	88.6	0.0	0.0	0.0	0.0	5.0	0.0	380.2	0.0	0.0	0.0	0.0	0.0	0.0	2.0	0.0	0.0	16.2	0.0	0.0	0.0	45.6	0.0	2.0	1023.4	0.0	55.2	0.0	10.2	0.0	7.4	0.0	24.8	3159.6	0.0	0.0	0.0	751.8	1.0	0.0	245.4	1.8	15.2	0.0	0.0	0.0	0.0	34.2	0.0	0.0	0.0	0.0	0.0	0.0	0.0	1.4	0.0	0.0	0.0	799.6	1.4	0.0	0.0	19.8	1.6	7.4	0.0	4508.4	0.0	0.2	0.0	5651.4	694.8	0.0	139.632967018	
3	3474.125	1.0	869.75	21068.25	3052.5	405.875	0.0	0.0	208.75	0.5	15.125	83707.0	122239.625	173.375	59589.875	0.0	41.375	0.0	19.625	598319616.0	33456.0	3458.375	113	14238	14577	15481	59.2	0.0	1.0	0.0	2.8	72.0	0.0	69.4	2.2	4005.8	6279.2	4061.8	3.2	12750.6	1306.2	133.0	3.2	333.8	0.0	40.4	34961.6	0.0	2.0	11.4	189.2	0.4	3.2	0.0	0.0	18.4	0.0	2084.6	1.6	0.0	0.0	0.0	0.0	0.0	15.4	14.0	0.0	312.0	2.2	0.0	0.0	181.4	0.0	31.6	1387.8	11.4	26.2	0.0	1656.2	4.8	14.8	0.0	15.8	2374.4	0.0	0.0	36.0	3215.2	6.2	0.6	12175.4	1.4	650.2	0.0	0.0	0.0	0.0	80.4	0.0	0.0	4.4	0.0	2.0	0.0	0.0	6.8	2.8	0.0	0.0	5574.6	8.2	0.0	0.0	297.4	0.8	14.8	0.0	13392.6	0.0	0.0	0.6	19155.6	4063.2	0.0	146.129581556	
4	1364.22222222	3.44444444444	482.888888889	18978.2222222	757.333333333	81.4444444444	0.0	0.0	29.8888888889	0.0	0.0	31317.2222222	57522.4444444	308.555555556	23177.3333333	0.0	14.3333333333	0.0	22.7777777778	550885148.444	17167.3333333	838.777777778	89	1958	1958	1958	66.8	0.2	0.0	0.0	4.0	14.0	0.0	94.4	2.6	1086.6	1305.0	493.8	4.0	4920.2	167.2	17.8	4.0	380.0	0.0	101.0	9706.2	0.0	2.4	2.4	149.6	0.4	4.0	0.0	0.0	23.6	0.0	588.8	2.0	0.0	0.0	0.0	0.0	0.0	7.4	3.4	0.0	13.6	7.8	0.0	0.0	83.0	0.0	3.4	3067.2	0.2	50.6	0.0	40.0	4.2	23.0	0.0	59.2	12854.0	0.0	0.0	7.0	974.2	5.2	1.0	442.0	1.2	99.2	0.0	0.0	0.0	0.0	98.0	0.0	0.0	0.0	1.8	2.0	0.0	0.0	14.6	4.0	0.0	0.0	735.0	24.2	0.0	0.0	71.0	0.6	23.0	0.0	5104.6	0.0	16.6	2.2	18343.8	1700.4	0.0	79.0361972723	
5	724.0	1.4	303.4	22321.8	373.6	36.4	0.0	0.0	82.4	0.0	0.0	22848.4	30934.2	166.8	13796.8	0.0	72.2	0.0	18.4	506740736.0	11156.4	410.0	102	17442	17442	17952	49.2	0.0	0.0	0.0	3.4	26.0	0.0	10.0	0.0	430.2	620.2	341.4	4.0	1149.6	101.6	40.0	4.0	87.8	0.0	49.0	2998.2	0.0	2.0	4.2	79.8	0.0	4.0	0.0	0.0	7.6	0.0	81.6	2.0	0.0	0.0	0.0	0.0	0.0	8.2	7.2	0.0	26.8	3.6	0.0	0.0	76.4	0.0	6.0	608.2	4.2	32.2	0.0	60.4	3.2	14.8	0.0	7.0	1145.6	0.0	0.0	13.0	363.2	5.0	1.0	762.6	1.0	214.8	0.0	0.0	0.0	0.0	8.8	0.0	0.0	5.0	0.0	2.0	0.0	0.0	10.4	3.4	0.0	0.0	495.8	14.4	0.0	0.0	103.8	1.0	14.6	0.0	457.8	0.0	0.8	1.0	2630.6	402.8	0.0	95.3187540586	
6	774.0	1.2	491.0	16705.4	323.2	73.2	0.0	0.0	52.0	0.8	1.6	43602.4	65076.0	131.4	21677.0	0.0	14.4	0.0	16.8	499636633.6	10816.8	396.4	75	10275	11100	11325	63.0	0.0	1.0	0.0	0.0	32.0	0.0	27.4	0.0	557.8	368.0	169.6	0.0	1772.8	377.0	15.0	0.0	68.6	0.0	36.0	2791.0	0.0	3.0	0.0	93.0	0.0	0.0	0.0	0.0	19.0	0.0	87.0	0.0	0.0	0.0	0.0	0.0	1.0	5.0	6.0	0.0	4.0	3.4	0.0	0.0	77.0	316.4	0.0	1173.8	6.0	121.6	0.0	812.2	1.0	22.8	0.0	7.0	3767.4	0.0	0.0	16.0	228.6	1.0	1.0	861.0	2.4	143.8	0.0	0.0	0.0	0.0	116.4	0.0	0.0	0.0	0.0	2.0	0.0	0.0	21.0	0.0	0.0	0.0	336.2	22.6	0.0	0.0	124.2	2.2	22.8	0.0	898.2	0.0	0.0	3.0	7394.0	215.2	0.0	70.4355542264	
7	7973.0	1.33333333333	2931.0	42361.3333333	6700.66666667	1160.0	0.0	0.0	122.333333333	0.666666666667	10.0	236695.666667	611098.0	464.333333333	25302.6666667	0.0	49.3333333333	0.0	23.0	534477482.667	18228.3333333	7860.66666667	252	46368	45108	42840	44.0	1.0	1.0	0.0	4.0	26.0	0.0	70.8	0.0	43808.2	63795.4	2302.2	4.0	6581.2	120.2	39.0	4.0	690.2	0.0	209.0	121704.2	0.0	1.0	113.6	166.4	0.0	4.0	0.0	0.0	13.0	0.0	145.6	2.0	0.0	0.0	0.0	0.0	11.2	79.6	41.6	0.0	169.6	3.0	0.0	0.0	102.8	0.0	7.0	979.2	74.6	50.4	0.0	19173.6	5.2	28.4	0.0	5.0	2695.2	1.0	0.0	13.0	43745.6	7.0	1.0	247303.4	1.8	283.2	0.0	0.0	0.0	0.0	49.2	0.0	0.0	3.0	0.0	4.0	37.0	0.0	21.6	4.0	10.2	4.6	76240.4	25.6	0.0	0.0	164.8	0.0	28.4	10.2	80911.6	0.0	0.0	2.0	44742.6	386.8	0.0	293.186725062	
8	368.5	1.0	245.25	20237.0	44.25	18.25	0.0	0.0	30.75	0.0	0.0	16230.0	22465.25	130.0	7552.75	0.0	1.0	0.0	9.0	488832000.0	9431.25	62.5	87	11571	8439	13572	13.0	0.0	0.0	0.0	0.0	0.0	0.0	13.8333333333	1.0	52.3333333333	40.1666666667	53.6666666666	0.0	165.0	24.8333333333	0.0	0.0	17.6666666667	0.0	10.5	245.833333333	0.0	0.0	0.0	27.0	0.0	0.0	0.0	0.0	5.0	0.0	79.5	0.0	0.0	0.0	0.0	0.0	0.0	2.0	0.0	0.0	2.33333333333	0.0	0.0	0.0	23.0	0.0	0.0	181.5	0.0	10.5	0.0	3.33333333333	0.0	1.5	0.0	5.66666666667	365.333333333	0.0	0.0	0.0	30.5	0.0	0.0	0.0	1.83333333333	7.16666666667	0.0	0.0	0.0	0.0	16.6666666667	0.0	0.0	0.0	0.0	0.0	0.0	0.0	0.166666666667	0.0	0.0	0.0	36.3333333333	0.166666666667	0.0	0.0	15.0	1.33333333333	1.5	0.0	686.666666667	0.0	0.0	0.0	805.333333333	389.333333333	0.0	72.5407300852	
9	1109.33333333	4.5	711.333333333	43712.3333333	151.5	61.8333333333	0.0	0.0	64.3333333333	0.333333333333	15.3333333333	71898.1666667	94855.0	319.5	14254.8333333	0.0	0.666666666667	0.0	14.1666666667	495992832.0	14197.1666667	213.333333333	212	41552	40492	39432	33.0	0.2	0.0	0.0	0.0	0.0	0.0	50.4	1.0	1013.4	1495.6	671.0	0.0	1476.8	123.8	0.0	0.0	161.0	0.0	105.0	4292.4	0.0	0.0	0.0	58.6	0.0	0.0	0.0	0.0	23.8	0.0	351.0	0.0	0.0	0.0	0.0	0.0	0.0	2.0	0.0	0.0	9.0	1.0	0.0	0.0	35.4	0.0	0.0	1218.2	0.0	1601.2	0.0	10.6	1.0	9.8	0.0	15.0	3325.0	0.0	0.0	0.0	932.6	4.4	0.0	580.0	1.0	11.0	0.0	0.0	0.0	0.0	42.6	0.0	0.0	0.0	0.0	0.0	0.0	0.0	7.8	0.0	0.0	0.0	3787.8	23.6	0.0	0.0	23.4	1.2	9.8	0.0	3719.6	0.0	0.0	0.0	6109.4	868.6	0.0	229.815471112	
10	453.75	0.5	268.0	18090.75	42.0	17.75	0.0	0.0	21.0	0.25	0.0	16112.25	23836.5	171.0	6928.0	0.0	1.0	0.0	9.25	485387264.0	8646.75	59.75	79	12798	14141	14694	19.0	0.0	0.0	0.0	0.0	0.0	0.0	7.2	1.0	104.4	116.2	82.8	0.0	183.2	36.6	0.0	0.0	53.2	0.0	28.6	541.2	0.0	0.0	0.0	35.6	0.0	0.0	0.0	0.0	4.6	0.0	192.0	0.0	0.0	0.0	0.0	0.0	0.0	0.8	0.0	0.0	2.8	0.0	0.0	0.0	25.4	0.0	0.0	212.4	0.0	18.0	0.0	2.6	0.8	3.6	0.0	6.8	427.6	0.0	0.0	0.0	77.6	0.6	0.0	0.4	1.0	6.6	0.0	0.0	0.0	0.0	10.4	0.0	0.0	0.0	0.2	0.0	0.0	0.0	1.4	0.0	0.0	0.0	93.6	1.4	0.0	0.0	16.0	1.0	3.6	0.0	1147.6	0.0	0.0	0.0	1061.2	474.8	0.0	72.7610953589	
11	1340.125	0.875	635.5	45206.5	390.25	44.5	0.0	0.0	44.125	0.375	0.125	45405.875	66487.625	376.125	10650.5	0.0	12.0	0.0	15.5	488443392.0	7556.375	434.75	221	44642	43537	43979	26.4	0.0	0.0	0.0	1.0	0.0	0.0	9.4	0.0	397.2	622.8	205.8	0.0	714.8	78.2	1.0	0.0	254.8	0.0	99.8	2562.2	0.0	1.0	2.0	40.0	0.0	0.0	0.0	0.0	1.8	0.0	45.0	0.0	0.0	0.0	0.0	0.0	0.0	5.2	2.0	0.0	8.6	2.0	0.0	1.0	21.0	0.0	0.0	596.0	1.0	35.2	0.0	4.4	1.0	7.8	0.0	10.2	1503.6	0.0	0.0	0.0	348.8	2.4	0.0	11.0	2.0	14.6	0.0	0.0	0.0	0.0	22.8	0.0	0.0	0.0	0.0	0.0	0.0	0.0	7.2	1.0	0.0	0.0	349.0	7.2	0.0	0.0	7.6	1.0	7.8	0.0	1065.6	0.0	0.0	1.0	2875.8	85.0	0.0	206.126175393	
12	1171.2	0.8	470.8	21656.8	741.6	162.2	0.0	0.0	82.6	0.0	1.2	30897.0	45338.4	197.8	38795.2	0.0	13.6	0.0	19.8	580551475.2	26495.8	903.8	101	13534	15049	16968	37.4	0.0	0.6	0.0	1.6	15.2	0.0	34.0	1.4	453.8	771.2	358.2	2.0	8334.6	140.2	24.6	2.0	71.8	0.0	49.2	3605.4	0.0	2.4	4.6	71.8	0.0	2.0	0.0	0.0	13.8	0.0	409.4	1.0	0.0	0.0	0.0	0.0	0.0	8.6	7.4	0.0	36.0	1.8	0.0	0.0	60.0	0.0	4.8	381.0	4.6	20.4	0.0	395.8	4.8	10.0	0.0	11.2	963.6	0.0	0.0	7.6	403.6	2.6	0.2	1523.2	1.2	139.8	0.0	0.0	0.0	0.0	24.8	0.0	0.0	3.0	0.0	1.2	0.0	0.0	4.4	1.6	0.0	0.0	420.2	5.0	0.0	0.0	77.8	0.8	9.8	0.0	2388.6	0.0	0.0	0.4	3717.8	913.6	0.0	102.402260341	
13	1010.33333333	2.0	539.333333333	40821.6666667	98.0	45.0	0.0	0.0	58.0	0.333333333333	0.0	33701.6666667	49011.3333333	374.0	16648.0	0.0	0.666666666667	0.0	14.0	498283861.333	15492.0	143.0	197	12017	30338	20094	34.6	0.0	1.0	0.0	1.0	0.0	0.0	51.2	2.0	354.0	308.6	174.2	0.0	564.8	180.8	10.0	0.0	142.2	0.0	104.0	1243.6	0.0	7.0	6.0	82.4	0.4	0.0	0.0	0.0	24.0	0.0	427.4	0.0	0.0	0.0	0.0	0.0	0.0	10.0	10.0	0.0	13.4	11.6	0.0	2.0	47.2	2.0	10.0	421.4	6.0	85.0	0.0	10.4	1.6	17.8	0.0	16.4	1477.4	0.0	0.0	0.0	228.2	3.2	0.0	46.6	1.0	25.6	0.0	0.0	0.0	0.0	49.8	0.0	0.0	0.0	9.0	0.0	0.0	0.0	13.8	1.0	0.0	0.0	283.2	15.8	0.0	0.0	89.8	1.6	17.8	0.0	2761.6	0.0	0.0	5.0	2401.0	621.8	0.0	157.061612958	
14	5343.25	1.25	2946.5	31793.75	3839.5	521.5	0.0	0.0	38.75	8.75	0.5	260332.25	562022.25	285.5	23240.25	0.0	24.25	0.0	18.75	547649536.0	19819.75	4361.0	185	27750	28490	26455	76.0	0.0	1.0	0.0	3.0	28.8	0.0	44.8	2.0	9527.8	16085.2	9646.6	3.6	13316.2	94.4	44.6	3.6	8259.4	0.0	136.0	119955.8	0.0	1.0	6.0	117.8	0.0	3.6	0.0	0.0	14.2	0.0	1664.2	1.8	0.0	0.0	0.0	0.0	0.0	9.0	7.8	0.0	160.2	2.4	0.0	0.0	108.2	0.0	8.6	3420.2	6.0	25.2	0.0	1879.4	3.8	15.6	0.0	15.0	3661.6	0.0	0.0	14.4	9461.2	5.4	0.8	24416.2	2.0	248.6	0.0	0.0	0.0	0.0	33.6	0.0	0.0	5.0	0.0	2.0	0.0	0.0	8.0	3.0	0.0	0.0	15787.8	10.4	0.0	0.0	120.6	1.0	15.2	0.0	82505.0	0.0	4.4	0.8	23789.0	2444.6	0.0	261.335595253	
15	770.4	0.8	452.6	34944.6	96.8	23.6	0.0	0.0	64.8	0.4	0.0	30722.8	42428.4	265.2	12428.6	0.0	3.0	0.0	9.6	485710233.6	7979.8	120.4	166	6142	6142	5976	57.0	0.0	0.0	0.0	0.0	0.0	0.0	8.4	0.0	117.2	169.4	70.2	0.0	91.8	38.8	0.0	0.0	121.2	0.0	89.6	625.4	0.0	0.0	0.0	47.0	0.0	0.0	0.0	0.0	1.0	0.0	29.6	0.0	0.0	0.0	0.0	0.0	0.0	2.0	0.0	0.0	4.4	0.0	0.0	0.0	37.4	0.0	0.0	197.0	0.0	20.8	0.0	2.8	0.0	1.2	0.0	6.8	210.8	0.0	0.0	0.0	88.6	0.4	0.0	0.0	0.8	7.2	0.0	0.0	0.0	0.0	10.0	0.0	0.0	0.0	0.0	0.0	0.0	0.0	1.0	0.0	0.0	0.0	160.4	1.0	0.0	0.0	5.6	1.0	1.2	0.0	283.4	0.0	0.0	0.0	459.8	71.2	0.0	122.161513868	
16	5449.8	1.4	1885.0	40216.0	4022.8	370.4	0.0	0.0	380.6	2.8	1.8	131363.2	255193.8	387.2	74497.8	0.0	42.0	0.0	22.2	526507212.8	17648.8	4393.2	224	37408	37408	35616	101.0	0.0	0.0	0.0	0.0	296.4	0.0	28.4	0.0	384.6	336.6	1305.8	0.0	3219.2	201.2	196.0	0.0	223.4	0.0	161.4	2455.6	0.0	2.0	4.0	439.6	0.0	0.0	0.0	0.0	188.6	0.0	379.8	0.0	0.0	0.0	0.0	0.0	0.0	7.0	4.0	0.0	10.0	58.0	0.0	2.0	416.8	0.0	42.0	2475.6	2.0	69.4	0.0	16.8	4.0	25.6	0.0	15.4	6896.4	0.0	0.0	148.2	226.8	4.2	2.0	781.8	1.0	1202.2	0.0	0.0	0.0	0.0	60.0	0.0	0.0	0.0	41.0	0.0	0.0	0.0	24.4	0.0	0.0	0.0	669.6	24.4	0.0	0.0	1500.0	1.2	25.4	0.0	928.4	0.0	0.0	2.0	12254.0	465.2	0.0	266.306749139	
17	1167.4	3.2	640.0	31177.0	475.0	142.2	0.0	0.6	238.0	0.4	2.8	47463.2	76493.8	287.4	30686.2	335.8	21.8	0.0	25.8	548845158.4	23738.6	617.8	151	22046	18271	17365	48.2	0.0	0.0	0.0	2.0	16.4	0.0	28.0	1.2	399.2	456.0	441.2	0.8	1026.8	225.4	36.4	0.8	151.2	0.0	87.0	2141.4	0.0	2.4	5.6	199.6	0.0	0.8	0.0	0.0	31.8	0.0	250.4	0.4	0.0	0.0	0.0	0.0	14.0	9.8	6.0	0.0	24.8	18.6	8.0	2.2	91.6	0.0	14.0	581.0	5.2	60.6	0.0	39.0	3.2	21.8	0.2	15.4	1913.0	0.0	2.0	8.2	292.4	3.6	0.2	273.8	1.2	122.8	2.0	0.0	2.0	0.0	38.8	0.0	0.0	1.0	11.6	11.8	0.0	0.0	15.4	10.0	0.0	0.0	427.0	17.4	0.0	2.0	185.4	1.2	19.8	0.0	2112.6	0.0	0.0	2.4	3392.2	621.6	0.0	138.214843212	
18	753.666666667	0.666666666667	510.666666667	27509.3333333	225.333333333	71.3333333333	0.0	0.0	49.3333333333	0.666666666667	0.0	33370.6666667	61880.6666667	180.333333333	10282.6666667	0.0	0.0	0.0	9.33333333333	492315989.333	10329.6666667	296.666666667	129	19866	19866	19866	52.8	0.0	0.0	0.0	0.0	0.0	0.0	28.2	2.0	81.6	725.0	606.4	0.0	1136.2	34.6	0.0	0.0	595.6	0.0	35.6	7293.6	0.0	0.0	0.0	55.6	0.0	0.0	0.0	0.0	3.8	0.0	217.6	0.0	0.0	0.0	0.0	0.0	0.0	3.2	1.0	0.0	3.6	0.0	0.0	0.0	39.8	0.0	1.0	807.8	1.0	20.8	0.0	6.2	0.0	4.8	0.0	9.0	2402.0	1.0	0.0	0.0	53.0	0.2	0.0	0.0	2.2	6.4	0.0	0.0	0.0	0.0	15.2	0.0	0.0	0.0	0.0	0.0	0.0	0.0	1.8	0.0	0.0	0.0	692.2	1.8	0.0	0.0	11.4	1.0	4.8	0.0	4548.6	0.0	0.2	1.0	4276.8	456.0	0.0	114.516685968	
19	801.875	1.375	417.25	40543.5	138.0	28.625	0.0	0.0	67.25	0.125	0.375	33596.625	39897.0	309.125	15774.125	0.0	0.25	0.0	15.125	505799168.0	17709.125	166.625	194	37636	12028	10864	14.0	0.0	0.0	0.0	1.0	0.0	0.0	17.0	1.0	203.8	223.4	119.8	0.0	264.4	101.6	9.0	0.0	148.6	0.0	128.0	633.0	0.0	2.0	6.0	51.8	0.0	0.0	0.0	0.0	21.0	0.0	143.2	0.0	0.0	0.0	0.0	0.0	0.0	10.0	5.0	0.0	3.0	11.0	0.0	3.0	46.4	0.0	7.0	247.8	4.0	32.0	0.0	14.8	3.0	14.8	0.0	9.0	792.6	0.0	0.0	0.0	133.8	1.4	0.0	35.6	0.8	23.0	0.0	0.0	0.0	0.0	15.8	0.0	0.0	0.0	7.0	8.0	0.0	0.0	12.8	1.0	0.0	0.0	128.2	13.8	0.0	0.0	65.8	1.2	14.8	0.0	929.2	0.0	0.0	3.0	1347.6	328.4	0.0	160.500571777	
20	1452.0	0.75	726.75	40222.75	396.75	84.0	0.0	0.0	24.0	1.0	0.0	42060.0	67517.25	353.25	44681.75	0.0	0.75	0.0	10.0	478693376.0	15433.25	480.75	197	22458	20488	20291	23.0	0.0	0.0	0.0	0.0	0.0	0.0	47.2	0.0	687.8	822.6	284.2	0.0	787.2	151.6	0.0	0.0	301.6	0.0	172.0	3187.4	0.0	0.0	0.0	69.4	0.0	0.0	0.0	0.0	1.0	0.0	110.4	0.0	0.0	0.0	0.0	0.0	0.0	2.0	0.0	0.0	14.0	0.0	0.0	0.0	21.0	0.0	0.0	765.0	0.0	96.6	0.0	8.0	0.0	4.6	0.0	26.2	1671.4	0.0	0.0	0.0	585.8	1.2	0.0	8.0	2.0	12.0	0.0	0.0	0.0	0.0	67.6	0.0	0.0	0.0	0.0	0.0	0.0	0.0	2.6	0.0	0.0	0.0	488.4	2.6	0.0	0.0	15.2	1.2	4.6	0.0	1292.0	0.0	5.2	0.0	3291.0	144.6	0.0	178.783395872	
21	645.375	0.875	344.0	14041.875	216.0	28.25	0.0	0.0	38.75	0.625	0.0	21991.375	36905.75	164.0	11719.625	0.0	7.125	0.0	13.5	491109888.0	8624.375	244.25	59	4130	6018	7552	65.0	0.0	0.0	0.0	0.0	0.0	0.0	9.2	0.0	277.4	393.4	175.6	0.0	657.6	74.6	1.0	0.0	136.2	0.0	35.0	1861.2	0.0	0.0	0.0	55.6	0.0	0.0	0.0	0.0	1.0	0.0	90.8	0.0	0.0	0.0	0.0	0.0	0.0	2.0	0.0	0.0	4.0	2.0	0.0	0.0	41.6	0.0	0.0	656.6	0.0	24.4	0.0	4.8	1.0	7.2	0.0	9.0	1393.4	0.0	0.0	0.0	239.2	1.6	0.0	1.0	0.0	7.0	0.0	0.0	0.0	0.0	15.4	0.0	0.0	0.0	0.0	0.0	0.0	0.0	6.6	0.0	0.0	0.0	234.2	6.6	0.0	0.0	7.2	1.6	7.2	0.0	853.0	0.0	0.0	0.0	2703.8	146.6	0.0	55.5075933511	
22	1289.2	49.6	623.4	34105.0	96.0	25.8	0.0	0.0	167.8	1.0	3.8	44799.4	67592.8	318.2	10885.0	0.0	0.0	0.0	11.4	496640000.0	11998.4	121.8	166	25232	24568	24900	32.4	0.0	0.0	0.0	3.2	141.6	0.0	80.6	1.0	3407.4	4620.0	513.2	2.4	2122.8	353.4	111.6	2.4	138.2	0.0	103.0	9686.6	0.0	6.2	20.0	187.8	0.8	2.4	0.0	0.0	71.8	0.0	365.6	1.2	0.0	0.0	0.0	0.0	0.0	39.2	18.0	0.0	28.8	20.2	0.0	8.2	169.6	7.0	4.0	1281.6	24.8	61.6	0.0	1378.4	5.6	55.2	0.0	10.2	3443.4	0.0	0.0	63.6	3136.8	9.2	1.4	13367.8	1.4	675.8	0.0	0.0	0.0	0.0	60.4	0.0	0.0	0.8	2.8	2.0	0.0	0.0	51.4	4.2	0.0	0.0	649.2	57.6	0.0	0.0	461.2	0.4	55.2	0.0	1547.0	0.0	4.0	10.2	8680.8	866.4	0.0	153.560691963	
23	623.25	1.75	343.0	23047.75	141.5	42.75	0.0	0.0	19.25	0.25	0.0	22296.75	32966.75	200.0	12255.25	0.0	0.5	0.0	16.5	530963456.0	13944.5	184.25	105	18585	18690	18585	45.2	0.0	0.0	0.0	4.0	14.0	0.0	14.6	2.0	360.8	483.8	225.8	4.0	562.0	80.4	15.0	4.0	135.2	0.0	61.2	1828.0	0.0	0.0	0.0	72.2	0.0	4.0	0.0	0.0	10.6	0.0	320.6	2.0	0.0	0.0	0.0	0.0	0.0	0.8	1.0	0.0	7.0	2.0	0.0	0.0	59.8	0.0	1.0	776.0	0.0	28.6	0.0	8.2	2.0	13.8	0.0	15.0	1296.2	0.0	0.0	7.0	309.8	3.4	1.0	417.6	2.0	94.0	0.0	0.0	0.0	0.0	12.4	0.0	0.0	0.0	0.0	2.0	0.0	0.0	7.8	4.0	0.0	0.0	295.8	9.8	0.0	0.0	53.8	1.4	13.8	0.0	2169.8	0.0	0.0	1.0	2829.8	1057.4	0.0	97.7561094607	
24	1750.0	320.8	917.6	44644.2	851.2	166.6	0.0	0.0	47.8	0.2	0.2	58873.2	110839.8	426.6	24482.0	0.0	0.0	0.0	14.2	503407411.2	13439.6	1017.8	223	36572	38579	37018	65.0	0.0	0.0	0.0	0.0	0.0	0.0	127.6	1.8	2511.0	2835.4	1759.8	0.0	7454.6	237.2	5.8	0.0	2054.8	0.0	170.6	38946.4	0.0	7.4	9.6	140.4	0.4	0.0	0.0	0.0	10.8	0.0	769.8	0.0	0.0	0.0	0.0	0.0	0.0	13.0	9.6	0.0	22.4	7.0	0.0	2.2	46.8	0.0	5.0	4137.4	4.2	120.4	0.0	86.8	1.4	17.0	0.0	47.6	16927.0	0.0	0.0	0.0	2357.8	4.2	0.0	35.6	4.8	31.6	0.0	0.0	0.0	0.0	304.8	0.0	0.0	0.0	4.2	0.0	0.0	0.0	8.4	0.0	0.0	0.0	2237.0	36.4	0.0	0.0	76.6	0.8	17.0	0.0	16070.4	0.0	19.2	4.8	31814.8	2091.8	0.0	214.123753992	
25	1488.0	1.2	602.6	45904.4	973.0	166.4	0.0	0.0	42.0	0.6	0.0	47270.2	68160.2	255.0	25677.4	0.0	3.6	0.0	17.2	533374566.4	19193.6	1139.4	225	37800	37800	37575	125.0	0.0	1.0	0.0	2.6	14.0	0.0	28.2	1.2	720.8	1069.2	325.0	3.2	4934.0	77.8	16.8	3.2	218.8	0.0	135.0	2997.6	0.0	0.0	0.0	120.4	0.0	3.2	0.0	0.0	10.2	0.0	605.0	1.6	0.0	0.0	0.0	0.0	0.0	2.0	0.6	0.0	9.2	2.2	0.0	0.0	104.2	0.0	1.2	497.2	0.0	31.0	0.0	329.8	2.6	12.8	0.0	17.0	709.4	0.0	0.0	7.0	667.6	5.2	0.6	1773.4	1.0	102.0	0.0	0.0	0.0	0.0	13.4	0.0	0.0	0.0	0.0	2.0	0.0	0.0	7.8	2.6	0.0	0.0	384.8	10.4	0.0	0.0	59.2	1.0	12.8	0.0	4059.4	0.0	0.0	0.6	3558.4	1253.8	0.0	202.50021574	
26	1458.33333333	13.6666666667	719.833333333	26585.5	725.5	133.333333333	0.0	0.0	114.333333333	0.166666666667	9.83333333333	68341.5	101390.833333	275.5	24124.8333333	0.0	25.6666666667	0.0	26.8333333333	523453781.333	16189.0	858.833333333	129	22833	20253	18576	30.0	0.0	5.0	0.0	4.8	96.4	0.0	463.6	0.0	6143.2	9165.4	2884.4	3.6	6297.2	265.2	80.4	3.6	699.2	0.0	84.4	30086.0	0.0	38.4	27.2	436.2	0.0	3.6	0.0	0.0	35.6	0.0	116.2	1.8	0.0	0.0	0.0	0.0	0.0	51.6	121.2	0.0	144.6	3.6	0.0	3.2	327.2	10.0	6.4	1887.8	85.4	55.2	0.0	343.6	3.2	29.2	0.0	9.0	6964.2	0.0	0.0	48.2	6016.0	8.2	0.6	11940.6	2.6	555.8	0.0	0.0	0.0	0.0	96.6	0.0	0.0	4.8	0.0	112.0	0.0	0.0	23.0	4.8	0.0	0.0	3753.6	30.6	0.0	0.0	629.8	1.4	29.0	0.0	4795.0	0.0	4.2	15.0	11929.0	345.0	0.0	146.218306977	
27	600.0	1.8	311.8	20067.0	207.8	39.2	0.0	0.0	48.8	0.0	0.0	21751.2	31242.6	173.2	19278.6	0.0	25.0	0.0	19.2	512475955.2	16318.6	247.0	90	17730	15570	15660	64.4	0.0	2.2	0.0	4.0	24.0	0.0	51.6	0.0	318.0	357.2	262.8	4.0	961.6	101.8	35.0	4.0	68.2	0.0	38.4	1601.2	0.0	15.2	0.0	122.4	0.0	4.0	0.0	0.0	8.0	0.0	109.6	2.0	0.0	0.0	0.0	0.0	0.0	5.8	20.0	0.0	11.0	2.0	0.0	0.0	101.4	7.6	5.0	932.6	7.6	33.8	0.0	7.2	3.0	13.8	0.0	9.0	2207.6	0.0	0.0	12.0	246.6	4.4	1.0	467.8	1.0	197.8	0.0	0.0	0.0	0.0	15.0	0.0	0.0	3.0	0.0	2.0	0.0	0.0	10.0	4.0	0.0	0.0	328.6	13.0	0.0	0.0	115.0	1.2	13.8	0.0	403.6	0.0	0.0	8.6	4409.2	300.4	0.0	83.7664972644	
28	10053.5	0.5	2647.0	21181.0	8675.0	391.0	0.0	0.0	123.5	5.0	0.5	196638.5	421073.5	277.5	20096.5	0.0	30.5	0.0	21.5	510257152.0	12660.0	9066.0	155	10385	16275	19995	68.4	0.0	0.0	0.0	1.0	132.8	0.0	112.2	0.0	5852.0	7547.4	5348.6	0.0	2400.8	233.0	135.0	0.0	5349.4	0.0	91.0	71208.2	0.0	2.6	6.0	195.4	0.0	0.0	0.0	0.0	70.0	0.0	147.0	0.0	0.0	0.0	0.0	0.0	0.0	10.6	5.6	0.0	5.0	35.6	0.0	3.0	168.4	0.0	18.6	1589.0	3.0	85.8	0.0	50.8	2.4	37.8	0.0	25.0	5562.4	0.0	0.0	66.4	5691.4	8.2	2.0	604.6	1.0	586.0	0.0	0.0	0.0	0.0	46.4	0.0	0.0	0.0	18.2	0.0	0.0	0.0	37.2	1.0	0.0	0.0	7301.0	38.2	0.0	0.0	485.6	1.0	37.6	0.0	29589.8	0.0	0.0	3.0	9242.8	259.4	0.0	280.326074435	
29	667.833333333	0.5	355.333333333	26215.3333333	207.833333333	75.1666666667	0.0	0.0	52.0	0.0	0.0	24543.6666667	32046.8333333	198.666666667	38996.8333333	0.0	0.333333333333	0.0	9.16666666667	500837717.333	17316.8333333	283.0	121	4961	16577	7381	61.0	0.0	0.0	0.0	0.0	0.0	0.0	15.4	1.2	71.2	81.4	65.8	0.0	14.4	24.4	1.6	0.0	30.4	0.0	23.6	329.4	0.0	0.0	0.0	52.4	0.0	0.0	0.0	0.0	7.6	0.0	205.6	0.0	0.0	0.0	0.0	0.0	0.0	2.0	0.0	0.0	2.0	1.8	0.0	0.0	48.2	0.0	1.6	131.6	0.0	18.0	0.0	4.6	0.2	3.6	0.0	4.2	53.4	0.0	0.0	0.0	54.2	0.0	0.0	0.4	1.4	7.0	0.0	0.0	0.0	0.0	24.8	0.0	0.0	0.0	1.4	0.0	0.0	0.0	1.4	0.0	0.0	0.0	66.8	1.4	0.0	0.0	22.2	1.0	3.6	0.0	1329.4	0.0	2.6	0.0	187.2	408.4	0.0	100.129111237	
30	2403.42857143	10.8571428571	937.857142857	44301.7142857	1201.0	80.4285714286	24.1428571429	6.85714285714	135.0	1.14285714286	16.1428571429	100972.428571	144617.285714	395.428571429	22021.5714286	4845.85714286	18.5714285714	0.0	24.8571428571	510317129.143	12387.2857143	1312.42857143	224	34496	27328	17696	274.0	0.2	0.0	0.0	1.0	0.0	0.0	218.2	5.0	500.2	431.0	415.0	0.0	1222.4	311.4	22.6	0.0	245.6	0.0	172.0	1882.0	0.0	5.6	18.6	289.4	10.0	0.0	0.0	0.0	101.8	0.0	181.4	0.0	2.0	0.0	0.0	0.0	14.0	22.0	16.4	0.0	13.0	25.6	38.0	9.8	273.4	0.0	12.6	1062.0	15.2	124.0	0.0	12.8	5.6	32.8	0.0	27.4	3206.2	0.0	2.0	0.0	266.4	5.2	0.0	70.4	1.6	111.2	2.0	2.0	2.0	0.0	122.6	0.0	0.0	0.0	12.6	8.0	0.0	0.0	29.6	1.0	0.0	0.0	581.0	35.2	0.0	0.0	369.6	1.6	30.8	0.0	913.0	0.0	2.6	10.8	4878.0	444.0	0.0	250.9693041	
31	543.777777778	0.444444444444	302.777777778	24231.8888889	168.111111111	26.8888888889	0.0	0.0	72.1111111111	0.111111111111	0.111111111111	22678.8888889	32068.4444444	167.444444444	10798.0	0.0	3.88888888889	0.0	11.1111111111	487469056.0	8958.22222222	195.0	109	12644	12208	11445	35.2	0.0	0.0	0.0	1.6	66.0	0.0	21.4	0.0	233.8	249.2	170.0	0.0	208.0	95.0	62.0	0.0	126.4	0.0	88.2	1100.6	0.0	1.0	4.0	89.2	0.4	0.0	0.0	0.0	30.6	0.0	45.4	0.0	0.0	0.0	0.0	0.0	0.0	7.0	3.0	0.0	3.6	13.2	0.0	2.0	86.8	0.0	3.0	230.4	4.0	34.6	0.0	16.6	2.4	12.8	0.0	4.0	504.2	0.0	0.0	33.0	174.4	2.2	4.0	231.8	1.0	303.6	0.0	0.0	0.0	0.0	37.8	0.0	0.0	0.0	3.0	0.0	0.0	0.0	12.8	1.6	0.0	0.0	261.6	12.8	0.0	0.0	242.0	1.0	12.6	0.0	417.2	0.0	0.0	2.0	1201.8	98.8	0.0	93.4320593375	
32	4493.8	1.0	735.0	13976.8	3913.6	97.2	0.0	0.0	17.6	0.2	0.0	154585.8	146108.0	170.6	29645.8	0.0	0.0	0.0	10.4	478370201.6	18291.4	4010.8	81	5346	4617	10530	4.0	0.0	0.0	0.0	1.0	0.0	0.0	22.0	0.0	3537.2	7065.0	1018.2	0.0	1153.4	67.2	0.0	0.0	3445.4	0.0	27.0	13997.2	0.0	0.0	0.0	37.6	0.0	0.0	0.0	0.0	2.0	0.0	65.4	0.0	0.0	0.0	0.0	0.0	0.0	4.0	0.0	0.0	7.0	0.0	0.0	0.0	14.6	0.0	0.0	776.2	0.0	40.0	0.0	6.4	0.0	4.8	0.0	17.0	2421.6	0.0	0.0	0.0	3491.4	1.8	0.0	2.0	2.2	11.0	0.0	0.0	0.0	0.0	44.6	0.0	0.0	0.0	0.0	0.0	0.0	0.0	4.0	1.0	0.0	0.0	1573.0	5.0	0.0	0.0	10.4	1.6	4.8	0.0	4456.4	0.0	0.0	0.0	4368.4	91.2	0.0	127.802766714	
33	1165.25	1.5	572.75	28634.5	350.75	52.0	0.0	0.0	54.5	0.75	0.0	39738.5	64913.75	284.5	12245.5	0.0	0.0	0.0	11.0	499628032.0	13854.5	402.75	136	27336	26928	26928	41.0	0.0	0.0	0.0	0.0	0.0	0.0	245.75	1.0	939.0	1028.5	328.0	0.0	612.0	179.5	1.25	0.0	295.25	0.0	51.25	4606.0	0.0	0.0	0.0	120.0	0.0	0.0	0.0	0.0	5.0	0.0	684.75	0.0	0.0	0.0	0.0	0.0	0.0	2.0	0.0	0.0	37.0	1.25	0.0	0.0	40.5	0.0	0.0	528.0	0.0	40.25	0.0	4.25	1.0	8.75	0.0	42.5	1408.5	0.0	0.0	0.0	599.5	0.5	0.0	193.0	1.0	24.5	0.0	0.0	0.0	0.0	14.25	0.0	0.0	0.0	0.0	0.0	0.0	0.0	4.25	0.0	0.0	0.0	589.0	5.25	0.0	0.0	21.25	1.5	8.75	0.0	5425.0	0.0	2.75	0.0	2410.0	924.0	0.0	132.19863737	
34	1329.0	1.75	773.125	50904.875	186.25	64.75	0.0	0.0	55.25	0.75	0.125	54394.25	85508.5	430.125	11963.625	0.0	0.75	0.0	17.375	499459584.0	11119.875	251.0	249	6225	11454	16683	21.0	0.0	0.0	0.0	0.0	0.0	0.0	37.2	1.0	609.2	896.8	377.2	0.0	853.0	130.8	3.4	0.0	409.0	0.0	153.8	4648.6	0.0	1.0	2.0	111.0	0.0	0.0	0.0	0.0	9.0	0.0	550.6	0.0	0.0	0.0	0.0	0.0	0.0	3.0	4.0	0.0	16.4	4.4	0.0	1.0	34.4	0.0	2.4	715.2	2.6	63.8	0.0	8.2	1.0	9.4	0.0	39.4	1818.0	0.0	0.0	0.0	532.0	3.8	0.0	3.0	2.0	19.6	0.0	0.0	0.0	0.0	44.0	0.0	0.0	0.0	2.4	2.8	0.0	0.0	5.2	0.0	0.0	0.0	641.8	7.2	0.0	0.0	40.0	1.4	9.4	0.0	4789.8	0.0	11.2	1.0	3511.0	753.4	0.0	187.295460746	
35	1840.83333333	4.66666666667	1028.16666667	36468.0	1189.0	343.833333333	0.0	0.0	440.833333333	0.166666666667	39.3333333333	173212.333333	245116.166667	309.333333333	45332.3333333	0.0	6.33333333333	0.0	17.6666666667	511516672.0	20498.5	1532.83333333	184	12880	15456	17480	71.4	0.0	0.0	0.0	3.0	143.6	0.0	166.4	2.6	16389.8	30474.6	7904.0	0.0	5645.2	154.0	73.4	0.0	1827.8	0.0	122.4	124210.0	0.0	1.0	4.0	282.2	0.0	0.0	0.0	0.0	67.4	0.0	912.2	0.0	0.0	0.0	0.0	0.0	0.0	9.0	5.0	0.0	11.8	3.8	0.0	2.0	206.0	624.4	11.6	3398.0	7681.0	135.2	0.0	49.0	1.4	22.0	0.0	46.8	12057.4	0.0	0.0	71.8	16295.6	3.8	1.0	15297.2	2.4	634.0	0.0	0.0	0.0	0.0	337.2	0.0	0.0	10.0	0.0	0.0	0.0	0.0	15.2	5.0	0.0	0.0	12429.4	23.6	0.0	0.0	461.6	1.0	22.0	0.0	19701.0	0.0	0.0	2.0	74633.4	2138.4	0.0	167.615920914	
36	1533.66666667	0.5	1566.33333333	47761.5	445.833333333	290.166666667	0.0	0.666666666667	447.0	1.83333333333	20.5	143628.166667	238269.666667	384.0	15691.5	507.0	6.33333333333	0.0	22.0	518535850.667	12559.1666667	736.666666667	241	48200	49646	50610	53.3333333333	0.166666666667	0.0	0.0	2.0	268.666666667	0.0	64.0	1.0	407.166666667	498.333333333	18667.5	2.0	1932.5	165.666666667	221.5	2.0	3722.16666667	0.0	140.333333333	6679.0	1.0	5.0	10.3333333333	1013.33333333	0.0	2.0	0.0	1.0	1181.33333333	1.0	307.166666667	0.0	0.0	2.0	0.0	0.0	62.0	17.6666666667	10.1666666667	0.0	10.6666666667	11.1666666667	17.0	5.16666666667	886.333333333	0.0	3.0	1203.83333333	6.16666666667	84.1666666667	0.0	55.5	9.33333333333	26.1666666667	0.0	18.3333333333	4301.83333333	0.0	3.0	134.333333333	294.5	8.16666666667	7.66666666667	4446.83333333	2.83333333333	1165.0	3.0	0.0	3.0	0.0	62.1666666667	2.0	0.0	0.0	4.0	1099.33333333	0.0	0.0	20.8333333333	10.0	0.0	0.0	24295.5	23.8333333333	0.0	2.0	5122.66666666	0.5	23.1666666667	0.0	2112.5	0.0	0.0	5.16666666667	8842.5	697.166666667	0.0	239.376890983	
37	699.2	1.2	399.6	44189.2	50.8	16.4	0.0	0.0	57.2	0.0	0.0	31179.0	38905.0	280.0	7687.6	0.0	0.0	0.0	9.0	486860390.4	9413.0	67.2	211	18146	28696	36714	13.0	0.0	0.0	0.0	0.0	0.0	0.0	8.4	1.0	171.8	282.2	132.4	0.0	122.8	25.0	0.0	0.0	179.8	0.0	144.8	859.6	0.0	0.0	0.0	27.8	0.0	0.0	0.0	0.0	5.0	0.0	175.2	0.0	0.0	0.0	0.0	0.0	0.0	2.0	0.0	0.0	2.0	0.0	0.0	0.0	22.2	0.0	0.0	119.4	0.0	11.4	0.0	2.8	0.0	2.2	0.0	5.0	270.0	0.0	0.0	0.0	171.4	0.0	0.0	0.0	1.0	7.0	0.0	0.0	0.0	0.0	6.0	0.0	0.0	0.0	0.0	0.0	0.0	0.0	0.2	0.0	0.0	0.0	138.8	0.2	0.0	0.0	14.4	1.0	2.2	0.0	1114.2	0.0	0.0	0.0	597.4	357.4	0.0	181.875661192	
38	2825.0	1.8	899.2	44551.6	796.6	53.6	20.8	5.6	127.6	0.6	0.2	80470.6	129545.6	354.0	19727.4	4633.6	8.8	0.0	10.2	487822950.4	12687.2	876.6	227	27694	37228	40633	285.2	0.0	4.6	0.0	0.0	90.0	0.0	176.0	3.0	540.2	508.6	607.2	0.0	1171.4	265.8	86.0	0.0	225.6	0.0	180.6	1923.4	0.0	18.4	0.0	286.4	6.4	0.0	0.0	0.0	77.6	0.0	144.6	0.0	2.0	0.0	0.0	0.0	14.0	6.6	23.0	0.0	6.6	20.2	30.0	0.0	280.8	9.2	7.0	934.6	9.2	113.0	0.0	19.6	5.4	18.6	0.0	10.8	3099.8	0.0	2.0	45.0	305.2	5.4	1.0	412.0	1.6	464.6	2.0	2.0	2.0	0.0	45.4	0.0	0.0	0.0	8.0	0.0	0.0	0.0	18.0	0.0	0.0	0.0	680.0	16.0	0.0	0.0	513.6	1.2	16.6	0.0	985.2	0.0	0.0	9.2	4833.4	393.0	0.0	243.008233017	
39	825.6	9.2	533.6	35600.0	0	0	0	0	50.2	0.2	0.2	36587.8	58862.2	262.4	0.0	0.0	0	0	0	0	0	0	169	4901	8112	11661	15.2	0.0	0.0	0.0	1.0	0.0	0.0	26.8	1.0	125.4	62.8	73.6	0.0	195.6	96.6	4.8	0.0	34.4	0.0	24.6	384.0	0.0	1.8	3.6	38.8	0.4	0.0	0.0	0.0	12.4	0.0	109.8	0.0	0.0	0.0	0.0	0.0	0.0	6.6	3.6	0.0	4.8	7.0	0.0	1.8	29.8	0.0	2.8	228.4	2.8	29.4	0.0	4.4	2.4	11.6	0.0	6.8	516.6	0.0	0.0	0.0	61.6	0.6	0.0	23.0	1.0	19.4	0.0	0.0	0.0	0.0	20.0	0.0	0.0	0.0	2.8	0.0	0.0	0.0	9.2	1.0	0.0	0.0	59.2	10.8	0.0	0.0	45.2	1.8	11.4	0.0	1070.0	0.0	0.0	1.8	955.4	464.8	0.0	122.483109239	
40	1087.0	1.0	424.333333333	17671.3333333	517.666666667	64.0	0.0	0.0	47.0	0.666666666667	0.0	27036.0	49618.3333333	242.0	13987.0	0.0	0.333333333333	0.0	9.66666666667	498341205.333	10464.6666667	581.666666667	81	9153	9315	9477	44.6	0.4	0.0	0.0	0.0	0.0	0.0	24.0	1.2	247.2	320.8	180.8	0.0	2071.0	47.6	1.0	0.0	193.8	0.0	67.6	3407.8	0.0	0.0	0.0	59.2	0.0	0.0	0.0	0.0	4.4	0.0	222.4	0.0	0.0	0.0	0.0	0.0	0.0	0.8	0.0	0.0	4.8	2.0	0.0	0.0	38.6	0.0	0.2	1299.2	0.0	21.6	0.0	16.8	1.0	4.0	0.0	12.0	4368.6	0.0	0.0	0.0	221.0	0.0	0.0	0.4	2.2	7.6	0.0	0.0	0.0	0.0	54.8	0.0	0.0	0.0	0.0	0.0	0.0	0.0	1.6	0.0	0.0	0.0	249.6	1.6	0.0	0.0	16.8	1.0	4.0	0.0	2179.2	0.0	0.0	0.0	7787.4	614.0	0.0	78.0822179771	
41	944.142857143	83.5714285714	577.428571429	33077.2857143	352.857142857	105.428571429	0.0	0.0	90.5714285714	0.142857142857	3.42857142857	43313.0	65973.8571429	270.142857143	30207.2857143	0.0	17.1428571429	0.0	17.7142857143	516617947.429	21572.4285714	458.285714286	158	11060	10744	9638	61.2	0.0	0.0	0.0	1.2	50.0	0.0	99.6	4.0	733.4	1100.8	569.2	0.8	3016.0	113.0	38.0	0.8	493.4	0.0	126.4	5047.6	0.0	5.6	7.2	147.2	0.0	0.8	0.0	0.0	33.4	0.0	491.4	0.4	0.0	0.0	0.0	0.0	0.0	14.4	7.6	0.0	8.0	8.4	0.0	1.6	120.6	3.2	3.0	2162.6	6.2	52.0	0.0	10.4	5.4	21.0	0.0	16.4	6669.2	0.0	0.0	25.0	654.6	4.6	1.0	433.4	1.0	238.2	0.0	0.0	0.0	0.0	50.0	0.0	0.0	0.0	0.0	3.6	0.0	0.0	14.6	2.2	0.0	0.0	708.2	18.0	0.0	0.0	206.2	1.8	21.0	0.0	3810.4	0.0	8.6	4.0	10607.2	1010.4	0.0	134.403387277	
42	1066.33333333	1.66666666667	333.333333333	16733.0	692.0	65.6666666667	0.0	0.0	281.666666667	0.0	1.0	25211.0	34426.0	163.333333333	24806.0	0.0	55.3333333333	0.0	22.3333333333	529879040.0	15033.6666667	757.666666667	76	7980	6232	6232	44.0	0.0	0.0	0.0	2.0	129.4	0.0	34.0	0.0	335.6	710.0	626.8	3.2	2032.4	63.2	196.2	3.2	55.0	0.0	34.0	4249.8	0.0	1.0	38.0	181.4	0.0	3.2	0.0	0.0	28.2	0.0	83.8	1.6	0.0	0.0	0.0	0.0	0.0	29.0	15.6	0.0	58.4	2.6	0.0	0.0	172.0	0.0	38.0	506.2	24.0	27.6	0.0	183.0	3.4	17.4	0.0	5.0	650.2	1.0	0.0	64.8	298.8	5.0	0.2	1353.2	1.0	878.2	0.0	0.0	0.0	0.0	12.8	0.0	0.0	3.0	0.0	2.0	12.0	0.0	10.6	2.0	0.0	0.0	1141.2	11.4	0.0	0.0	395.6	1.0	17.2	0.0	299.4	0.0	0.0	1.6	1652.6	361.0	0.0	74.2041442933	
43	1240.33333333	1.0	590.666666667	24763.6666667	255.333333333	45.0	0.0	0.0	34.6666666667	0.0	0.0	35455.6666667	60477.3333333	374.666666667	14922.6666667	0.0	4.66666666667	0.0	10.6666666667	487358464.0	7611.0	300.333333333	118	22302	18408	14396	46.2	0.0	0.0	0.0	0.0	0.0	0.0	13.8	0.0	540.6	798.4	382.8	0.0	1291.8	92.2	0.0	0.0	299.0	0.0	101.2	3832.0	0.0	0.0	0.0	97.2	0.0	0.0	0.0	0.0	1.0	0.0	95.4	0.0	0.0	0.0	0.0	0.0	0.0	1.6	0.0	0.0	18.8	0.0	0.0	0.0	33.2	0.0	0.0	1004.0	0.0	50.6	0.0	2.4	0.0	5.4	0.0	33.8	2739.2	0.0	0.0	0.0	469.0	1.8	0.0	316.8	2.0	14.2	0.0	0.0	0.0	0.0	21.6	0.0	0.0	0.0	0.0	0.0	0.0	0.0	1.8	0.0	0.0	0.0	628.8	1.8	0.0	0.0	5.4	1.0	5.4	0.0	1767.4	0.0	0.0	0.0	4923.4	158.8	0.0	111.529227801	
44	1006.71428571	5.57142857143	521.0	28969.1428571	206.285714286	35.4285714286	0.0	0.0	52.8571428571	0.285714285714	0.0	33688.7142857	57084.0	233.857142857	14410.5714286	0.0	2.57142857143	0.0	14.4285714286	486657462.857	8255.71428571	241.714285714	136	9384	9928	10064	23.0	0.0	0.0	0.0	0.0	0.0	0.0	76.0	0.0	386.2	495.6	190.0	0.0	927.8	117.8	0.0	0.0	188.0	0.0	61.0	2627.8	0.0	0.0	0.0	48.4	0.0	0.0	0.0	0.0	1.0	0.0	76.6	0.0	0.0	0.0	0.0	0.0	0.0	2.0	0.0	0.0	7.0	0.0	0.0	0.0	19.4	0.0	0.0	894.2	0.0	43.6	0.0	11.6	0.0	8.4	0.0	16.0	2352.2	0.0	0.0	0.0	298.8	2.2	0.0	2.6	2.2	8.0	0.0	0.0	0.0	0.0	78.6	0.0	0.0	0.0	0.0	0.0	0.0	0.0	6.2	0.0	0.0	0.0	324.0	6.2	0.0	0.0	5.4	1.2	8.4	0.0	1205.0	0.0	11.6	0.0	3867.0	115.2	0.0	110.435018977	
45	402.875	0.75	287.0	28956.5	96.5	26.0	0.0	0.0	34.125	0.0	0.0	22483.125	28801.375	147.125	11263.5	0.0	0.625	0.0	9.625	478526976.0	7315.125	122.5	133	22078	22477	22211	23.0	0.0	0.0	0.0	0.0	14.8	0.0	6.0	0.0	116.2	171.4	106.6	0.0	345.2	35.0	7.4	0.0	116.2	0.0	81.0	737.0	0.0	0.0	0.0	43.4	0.0	0.0	0.0	0.0	7.6	0.0	54.6	0.0	0.0	0.0	0.0	0.0	0.0	2.0	0.0	0.0	3.0	0.4	0.0	0.0	33.2	0.0	0.0	381.6	0.0	16.0	0.0	4.6	0.0	2.6	0.0	7.0	751.2	0.0	0.0	7.4	86.0	1.0	0.0	39.0	1.0	64.6	0.0	0.0	0.0	0.0	14.4	0.0	0.0	0.0	0.0	0.0	0.0	0.0	1.0	0.0	0.0	0.0	117.4	1.0	0.0	0.0	45.8	1.0	2.6	0.0	321.2	0.0	4.4	0.0	1400.8	80.2	0.0	117.486738095	
46	2196.5	275.5	818.333333333	13127.3333333	2076.0	351.5	0.0	1.83333333333	975.833333333	0.833333333333	10.6666666667	88024.1666667	130169.166667	266.0	66512.1666667	516.333333333	63.5	0.0	53.6666666667	667763370.667	39286.5	2429.33333333	71	12070	12354	11644	127.0	0.0	0.0	0.0	12.0	566.0	0.0	130.8	2.0	1187.2	1006.6	2972.0	2.0	8152.4	726.4	604.0	2.0	293.0	0.0	58.6	9863.2	1.0	21.2	63.8	1458.4	0.0	2.0	0.0	1.0	1396.2	0.0	962.0	1.0	0.0	0.0	0.0	0.0	21.0	84.8	54.2	0.0	23.0	75.2	44.4	31.8	1204.2	150.4	56.4	5992.6	66.0	143.4	0.0	114.0	25.2	77.8	1.0	28.0	18227.6	0.0	3.0	283.0	757.8	23.2	2.6	2473.6	3.0	2598.8	3.0	0.0	3.0	0.0	295.6	0.0	0.0	9.0	38.4	21.0	0.0	0.0	69.2	26.0	0.0	0.0	3849.0	141.2	0.0	4.0	3493.8	1.6	74.8	0.0	5292.6	0.0	6.0	34.0	31345.6	1599.6	0.0	99.1188800251	
47	1289.0	0.75	475.25	20206.0	151.875	30.5	0.0	0.0	47.125	0.0	0.0	34477.375	67844.25	186.25	16472.25	0.0	0.0	0.0	9.375	477981696.0	9546.625	182.375	94	13348	6580	4794	23.0	0.0	0.0	0.0	0.0	16.0	0.0	34.0	0.0	171.2	158.6	114.8	0.0	248.4	67.6	17.0	0.0	71.8	0.0	49.0	796.2	0.0	0.0	0.0	51.8	0.0	0.0	0.0	0.0	7.0	0.0	74.6	0.0	0.0	0.0	0.0	0.0	0.0	2.0	0.0	0.0	5.0	5.0	0.0	0.0	38.8	0.0	1.0	385.0	0.0	52.2	0.0	11.0	2.0	5.4	0.0	10.0	536.6	0.0	0.0	8.0	123.0	0.2	1.0	57.0	1.0	80.0	0.0	0.0	0.0	0.0	65.6	0.0	0.0	0.0	1.0	0.0	0.0	0.0	4.8	0.0	0.0	0.0	170.0	4.8	0.0	0.0	57.4	1.4	5.4	0.0	388.2	0.0	0.0	0.0	1493.6	102.2	0.0	87.9274713736	
48	634.5	2.5	396.25	23058.75	157.25	62.0	0.0	0.0	46.75	0.0	0.0	25157.5	39479.75	189.75	15712.75	0.0	69.25	0.0	19.75	532487168.0	15897.0	219.25	105	19740	20055	19425	14.6	0.2	0.0	0.0	0.0	0.0	0.0	32.8	1.0	332.8	300.6	155.6	0.0	949.4	131.4	0.0	0.0	151.4	0.0	62.0	2164.2	0.0	2.0	2.0	77.0	0.4	0.0	0.0	0.0	24.2	0.0	308.8	0.0	0.0	0.0	0.0	0.0	0.0	3.2	2.0	0.0	9.4	1.0	0.0	0.0	36.6	0.0	1.0	738.4	0.6	37.6	0.0	6.8	1.0	7.8	0.0	22.0	2058.6	0.0	0.0	0.0	233.6	0.6	0.0	11.6	1.6	12.0	0.0	0.0	0.0	0.0	19.2	0.0	0.0	0.0	1.0	31.6	0.0	0.0	4.8	0.0	0.0	0.0	220.8	5.8	0.0	0.0	44.4	0.8	7.8	0.0	2522.8	0.0	0.0	1.0	3927.4	707.4	0.0	98.0583507857	
49	2031.4	72.8	915.8	41237.2	1309.0	197.0	0.0	0.0	243.0	1.2	4.6	73079.4	122732.6	302.2	62399.2	0.0	31.4	0.0	25.2	526611251.2	22465.6	1506.0	207	31257	29187	26082	69.0	0.0	0.0	0.0	0.0	136.5	0.0	47.5	0.0	486.0	597.75	567.5	0.0	6264.25	164.75	57.75	0.0	475.0	0.0	136.0	12711.5	0.0	5.5	16.0	344.0	0.0	0.0	0.0	0.0	153.0	0.0	146.25	0.0	0.0	0.0	0.0	0.0	0.0	41.5	13.5	0.0	4.0	28.5	0.0	8.0	327.25	0.0	13.0	3617.25	10.0	43.25	0.0	41.75	4.0	20.25	0.0	7.0	13859.75	0.0	0.0	68.25	379.0	7.25	0.0	1023.0	2.25	580.25	0.0	0.0	0.0	0.0	133.5	0.0	0.0	0.0	40.0	0.0	0.0	0.0	20.0	0.0	0.0	0.0	1049.75	32.5	0.0	0.0	882.25	0.75	20.25	0.0	1113.0	0.0	2.25	8.0	22539.75	286.25	0.0	201.439998794	
50	6070.25	730.0	1558.0	21345.5	6286.5	988.25	0.0	0.0	1281.75	0.5	39.75	117505.75	139668.5	362.0	144103.25	0.0	29.0	0.0	17.75	509114368.0	11918.5	7274.75	140	28140	28000	26880	371.0	0.2	0.0	0.0	2.4	454.4	0.0	84.0	0.0	4209.2	11994.2	9946.6	3.2	142291.8	272.6	898.0	3.2	224.4	0.0	59.0	91009.0	0.0	4.0	105.6	1354.2	0.8	3.2	0.0	0.0	61.2	0.0	1442.2	1.6	0.0	0.0	0.0	0.0	0.0	111.6	110.2	0.0	1137.0	5.0	0.0	0.0	1248.2	0.0	524.8	797.8	105.6	126.2	0.0	4037.6	5.6	109.2	0.0	7.0	2584.2	0.0	0.0	227.2	4067.0	6.0	0.4	30416.6	7.8	3834.0	0.0	0.0	0.0	0.0	162.4	0.0	0.0	204.0	0.0	304.8	0.0	0.0	56.6	2.4	0.0	0.0	19121.8	59.6	0.0	0.0	2454.2	1.0	109.2	0.0	1462.8	0.0	0.0	0.6	9654.6	1821.8	0.0	232.472265036	
51	8356.6	1.2	1026.2	13566.8	7677.4	431.0	0.0	0.0	74.2	0.2	4.2	71387.4	125183.6	271.0	175951.6	0.0	38.0	0.0	20.0	541382246.4	17217.2	8108.4	100	13300	13500	13400	46.0	0.0	0.0	0.0	1.2	18.8	0.0	11.0	0.4	10473.2	13639.4	2253.0	1.6	21553.0	946.0	32.6	1.6	585.2	0.0	60.8	38015.6	0.0	7.4	11.6	85.4	0.0	1.6	0.0	0.0	5.4	0.0	985.0	0.8	0.0	0.0	0.0	0.0	0.0	20.6	19.4	0.0	115.0	0.8	0.0	0.0	68.6	0.0	6.0	803.0	11.8	21.6	0.0	3542.0	1.2	8.2	0.0	8.8	2468.0	0.2	0.0	9.4	9541.2	5.0	0.2	26202.4	1.4	178.0	0.0	0.0	0.0	0.0	20.2	0.0	0.0	4.0	0.0	1.6	0.0	0.0	4.4	1.2	0.0	0.0	3038.6	5.6	0.0	0.0	80.2	1.0	8.2	0.0	5496.2	0.0	0.0	0.4	13527.4	1272.8	0.0	181.016054407	
52	812.666666667	0.833333333333	520.333333333	31461.3333333	129.833333333	68.8333333333	0.0	0.0	35.1666666667	0.833333333333	0.0	30356.3333333	46695.1666667	237.166666667	31831.8333333	392.0	0.0	0.0	11.0	481790634.667	7564.83333333	198.666666667	149	29949	28459	27863	50.6	0.2	0.2	0.0	0.8	7.0	0.0	40.8	0.0	7604.4	10676.8	623.0	1.4	1974.2	144.8	7.8	1.4	244.6	0.0	93.2	22204.0	0.0	0.2	22.2	141.0	0.0	1.4	0.0	0.0	7.2	0.0	132.0	0.4	0.0	0.6	0.0	0.0	23.0	17.2	8.2	0.0	46.0	1.2	6.6	0.0	58.2	0.0	1.4	836.4	14.6	83.4	0.0	3496.0	1.0	10.8	0.0	27.2	2002.4	0.2	1.2	2.6	7506.6	3.2	0.2	42211.6	2.6	68.0	1.8	0.0	1.2	0.0	63.8	1.2	0.0	0.6	0.0	0.8	7.2	0.0	6.2	3.2	2.0	0.8	15895.6	7.0	0.0	0.6	65.0	0.8	9.0	2.0	15033.6	0.6	0.0	0.4	10444.2	236.8	0.0	140.272573939	
53	3497.57142857	2.14285714286	1413.42857143	26772.7142857	2604.14285714	407.571428571	0.0	0.0	154.428571429	1.42857142857	21.8571428571	130211.285714	241047.285714	235.0	54925.8571429	0.0	35.8571428571	0.0	20.8571428571	597066313.143	30490.7142857	3011.71428571	144	23616	24912	25920	152.4	0.0	1.0	0.0	2.4	43.2	0.0	259.4	3.0	2717.2	3960.8	4137.8	3.2	32279.4	707.2	73.8	3.2	564.2	0.0	56.0	19356.2	0.0	6.4	8.4	200.2	0.2	3.2	0.0	0.0	27.6	0.0	2078.4	1.6	0.0	0.0	0.0	0.0	0.0	73.4	9.4	0.0	65.8	3.4	0.0	0.0	164.2	124.0	17.4	1796.6	42929.0	44.6	0.0	2325.2	7.6	19.0	0.4	23.6	5106.8	0.0	0.0	21.6	2550.6	8.0	0.4	8756.6	3.4	362.4	0.0	0.0	0.0	0.0	369.6	0.0	0.0	3.0	0.0	3.6	0.0	0.0	10.2	5.4	0.0	0.0	1813.2	12.8	0.0	0.0	184.4	1.2	19.0	0.0	15177.4	0.0	0.0	3.6	24250.4	3134.0	0.0	183.563991867	
54	691.333333333	534.333333333	444.0	17506.3333333	741.0	94.0	0.0	0.0	47.6666666667	0.333333333333	7.33333333333	38182.6666667	56792.6666667	183.666666667	28280.6666667	0.0	0.666666666667	0.0	16.6666666667	517503658.667	19141.6666667	835.0	81	11421	10206	8910	150.2	0.0	0.0	0.0	0.0	0.0	0.0	194.8	1.4	366.4	554.0	443.6	0.0	1759.0	57.8	0.2	0.0	449.6	0.0	33.4	2629.8	0.0	6.0	8.0	59.2	0.0	0.0	0.0	0.0	6.0	0.0	398.4	0.0	0.0	0.0	0.0	0.0	0.0	9.2	6.0	0.0	7.4	2.4	0.0	0.0	25.2	0.0	0.4	1585.8	1.0	34.2	0.0	6.8	1.2	9.0	0.0	17.4	3726.0	0.0	0.0	0.0	326.8	1.2	0.0	14.2	2.0	11.2	0.0	0.0	0.0	0.0	30.8	28.8	0.0	0.0	0.0	0.0	0.0	0.0	6.4	0.0	0.0	0.0	524.2	9.2	0.0	0.0	20.2	1.0	9.0	0.0	3402.6	0.0	0.0	4.0	6554.4	705.0	0.0	83.2147854732	
55	795.666666667	0.666666666667	411.166666667	27173.6666667	224.166666667	43.0	0.0	0.0	49.8333333333	0.0	0.0	27604.3333333	42526.5	212.5	16179.0	0.0	2.33333333333	0.0	11.8333333333	483317077.333	8175.83333333	267.166666667	127	23622	24003	24130	34.4	0.0	0.0	0.0	0.0	0.0	0.0	22.0	0.0	419.0	512.2	230.4	0.0	1018.6	142.0	1.4	0.0	188.6	0.0	66.0	2713.2	0.0	0.0	0.0	60.0	0.0	0.0	0.0	0.0	25.6	0.0	103.6	0.0	0.0	0.0	0.0	0.0	0.0	2.0	0.0	0.0	7.2	4.4	0.0	0.0	36.0	0.0	0.0	966.2	0.0	42.2	0.0	8.0	2.0	7.6	0.0	14.2	2153.0	0.0	0.0	0.0	304.2	1.8	0.0	4.0	2.0	8.8	0.0	0.0	0.0	0.0	56.2	0.0	0.0	0.0	0.0	34.2	0.0	0.0	6.0	0.0	0.0	0.0	309.8	6.0	0.0	0.0	26.6	1.0	7.6	0.0	1148.4	0.0	0.0	0.0	4310.2	142.8	0.0	116.249573288	
56	1854.22222222	1.66666666667	789.111111111	23697.7777778	1302.66666667	288.111111111	0.0	0.0	81.7777777778	0.666666666667	6.0	64402.1111111	103331.333333	217.444444444	27906.4444444	0.0	18.0	0.0	20.7777777778	538299505.778	18446.6666667	1590.77777778	117	19539	19188	19071	34.0	0.0	0.6	0.0	4.0	26.8	0.0	20.0	2.0	6691.4	9336.4	1755.8	4.0	9005.0	359.0	40.6	4.0	517.6	0.0	81.8	32156.8	0.0	14.2	22.8	139.2	0.0	4.0	0.0	0.0	11.2	0.0	1573.2	2.0	0.0	0.0	0.0	0.0	0.0	38.2	38.0	0.0	184.4	2.0	0.0	0.0	97.0	0.0	7.4	2099.2	22.8	63.4	0.0	2107.6	3.0	18.4	0.0	21.0	4709.8	0.0	0.0	13.4	6569.6	5.2	1.0	27442.4	2.6	271.8	0.0	0.0	0.0	0.0	47.6	0.0	0.0	5.0	0.0	2.0	0.0	0.0	8.6	4.0	0.0	0.0	2530.4	11.0	0.0	0.0	144.4	1.0	18.4	0.0	13424.2	0.0	5.6	1.0	18898.4	2457.2	0.0	122.32796563	
57	997.5	3.0	615.5	31546.0	218.0	92.5	0.0	0.0	65.5	1.5	0.0	36286.0	60010.0	266.5	25166.0	0.0	0.0	0.0	18.0	546277376.0	23233.0	310.5	151	18271	15402	13439	33.8	0.2	0.0	0.0	1.6	43.6	0.0	42.8	1.8	341.8	356.2	220.0	1.6	352.0	117.2	22.0	1.6	173.8	0.0	98.8	1651.6	0.0	2.0	2.0	102.2	0.0	1.6	0.0	0.0	23.4	0.0	241.4	0.8	0.0	0.0	0.0	0.0	0.0	4.0	2.4	0.0	9.2	6.6	0.0	0.0	74.2	0.0	0.8	393.6	0.0	49.6	0.0	6.4	2.4	12.2	0.0	19.6	828.6	0.0	0.0	21.8	254.6	1.4	1.0	234.2	1.2	200.2	0.0	0.0	0.0	0.0	21.2	0.0	0.0	0.0	0.0	5.2	0.0	0.0	5.8	1.6	0.0	0.0	298.8	7.6	0.0	0.0	154.8	1.0	12.2	0.0	2433.4	0.0	9.8	1.4	1797.0	681.4	0.0	140.188587108	
58	716.5	0.333333333333	415.166666667	25080.5	152.833333333	39.3333333333	0.0	0.0	29.0	0.333333333333	0.0	26164.3333333	42499.1666667	200.166666667	22811.0	0.0	5.66666666667	0.0	9.83333333333	486279168.0	13945.6666667	192.166666667	115	9315	9775	10235	62.6	1.4	0.0	0.0	0.4	0.0	0.0	67.8	0.2	4059.0	2275.2	969.8	0.4	1422.2	2642.4	1.2	0.4	4384.4	0.0	62.4	12369.8	0.0	0.2	0.4	176.8	0.0	0.4	0.0	0.0	6.0	0.0	108.0	0.0	0.0	0.0	0.0	0.0	26.8	3.0	0.4	0.0	8.4	1.6	0.0	0.2	148.6	0.0	1.4	754.0	0.4	78.6	0.0	7738.2	0.8	7.8	0.0	17.6	2292.4	0.0	0.0	0.0	1419.2	2.4	0.0	34475.2	1.2	12.8	0.0	0.0	0.0	0.0	41.6	0.0	0.0	0.0	0.6	2.8	0.0	0.0	5.8	0.4	32.2	8.2	889.4	4.8	0.0	0.2	88.8	1.2	7.8	32.2	4053.2	0.0	0.0	0.2	10324.0	334.6	0.0	101.448440721	
59	3701.66666667	9.0	1784.66666667	36585.0	1251.66666667	284.333333333	30.3333333333	3.0	246.0	3.33333333333	0.5	150412.0	315366.0	349.833333333	36781.1666667	2966.83333333	16.1666666667	0.0	26.8333333333	539734698.667	22256.3333333	1569.33333333	196	7056	7252	7056	173.4	0.0	0.0	0.2	3.0	34.0	0.0	47.2	3.0	3568.6	6452.8	6144.2	0.0	2174.6	203.6	32.0	0.0	2352.6	0.0	155.0	28624.0	1.2	3.0	4.0	3083.4	6.0	0.0	0.0	0.4	44.2	0.0	460.2	0.0	1.0	0.0	0.0	0.0	8.8	6.0	4.0	0.0	7.0	21.2	28.0	1.0	3067.4	0.0	6.0	1582.8	2.0	69.2	0.0	21.2	5.4	24.0	0.0	15.6	10894.6	0.0	1.2	17.0	3431.0	4.2	1.0	156.0	1.4	191.2	1.2	1.0	1.2	0.0	66.6	0.0	0.0	0.0	5.0	68.0	0.0	0.0	19.2	3.0	0.0	0.0	7508.0	25.2	0.0	0.2	3110.8	0.0	22.8	0.0	13388.0	0.0	0.0	2.0	8695.4	962.8	0.0	230.58024438	
60	1519.0	1.0	654.0	39154.0	811.5	166.75	0.0	0.0	219.0	0.75	2.5	50174.25	72648.25	293.25	28638.25	0.0	52.0	0.0	19.25	549041152.0	19964.75	978.25	192	37440	37632	37824	43.4	0.0	0.0	0.0	0.8	50.4	0.0	35.4	1.0	2531.8	3780.0	797.0	0.8	1523.0	136.2	31.6	0.8	182.4	0.0	108.4	8105.8	0.0	0.8	1.8	97.8	0.4	0.8	0.0	0.0	26.2	0.0	310.0	0.4	0.0	0.0	0.0	0.0	0.0	4.6	2.8	0.0	24.4	4.4	0.0	0.0	81.4	0.0	1.2	680.4	1.8	31.8	0.0	1178.2	1.4	7.0	0.0	11.2	1737.6	0.0	0.0	25.2	2476.0	1.2	0.6	10550.6	1.2	232.4	0.0	0.0	0.0	0.0	53.4	0.0	0.0	0.8	0.0	0.4	0.0	0.0	4.0	0.8	0.0	0.0	378.2	4.2	0.0	0.0	167.4	0.6	7.0	0.0	1767.2	0.0	4.2	0.2	5709.0	732.8	0.0	185.604910196	
61	1203.0	0.428571428571	492.142857143	21900.7142857	208.428571429	26.7142857143	0.0	0.0	26.4285714286	0.0	0.285714285714	38773.0	75360.1428571	200.571428571	18966.1428571	0.0	5.85714285714	0.0	11.7142857143	484202203.429	12333.4285714	235.142857143	103	13081	9579	2575	23.0	0.2	0.0	0.0	0.0	0.0	0.0	178.6	0.0	162.8	133.2	117.0	0.0	685.8	81.6	0.0	0.0	63.8	0.0	33.2	1108.4	0.0	0.0	0.0	35.8	0.0	0.0	0.0	0.0	1.0	0.0	88.0	0.0	0.0	0.0	0.0	0.0	0.0	2.0	0.0	0.0	5.0	0.0	0.0	0.0	21.2	0.0	0.0	795.4	0.0	29.2	0.0	9.2	0.0	3.6	0.0	12.2	1869.4	0.0	0.0	0.0	116.2	1.6	0.0	2.0	1.0	8.0	0.0	0.0	0.0	0.0	100.6	0.0	0.0	0.0	0.0	0.0	0.0	0.0	3.0	0.0	0.0	0.0	104.2	3.0	0.0	0.0	3.2	0.8	3.6	0.0	455.0	0.0	0.0	0.0	3292.0	133.0	0.0	101.006310458	
62	476.666666667	1.16666666667	573.166666667	15877.8333333	161.833333333	96.1666666667	2.0	10.1666666667	103.833333333	0.166666666667	0.333333333333	34574.0	58901.6666667	158.333333333	25020.3333333	5835.33333333	3.33333333333	0.0	17.3333333333	516533589.333	14309.8333333	270.166666667	70	2870	3500	4270	0.0	0.0	0.0	0.0	0.0	0.0	0.0	0.0	0.0	0.0	0.0	0.0	0.0	0.0	0.0	0.0	0.0	0.0	0.0	0.0	0.0	0.0	0.0	0.0	0.0	0.0	0.0	0.0	0.0	0.0	0.0	0.0	0.0	0.0	0.0	0.0	0.0	0.0	0.0	0.0	0.0	0.0	0.0	0.0	0.0	0.0	0.0	0.0	0.0	0.0	0.0	0.0	0.0	0.0	0.0	0.0	0.0	0.0	0.0	0.0	0.0	0.0	0.0	0.0	0.0	0.0	0.0	0.0	0.0	0.0	0.0	0.0	0.0	0.0	0.0	0.0	0.0	0.0	0.0	0.0	0.0	0.0	0.0	0.0	0.0	0.0	0.0	0.0	0.0	0.0	0.0	0.0	0.0	0.0	0.0	0.0	0.0	0.0	57.7178388466	
63	1521.5	0.75	685.75	44426.75	819.0	82.25	0.0	0.0	24.25	0.75	0.0	53477.5	83299.75	273.5	18131.0	0.0	2.0	0.0	14.75	486162432.0	8777.75	901.25	217	29512	37541	10416	35.8	0.0	0.0	0.0	0.0	0.0	0.0	11.0	0.0	783.6	1225.6	361.2	0.0	970.4	124.8	0.0	0.0	483.8	0.0	170.2	5024.0	0.0	7.0	7.6	60.8	0.0	0.0	0.0	0.0	1.0	0.0	66.8	0.0	0.0	0.0	0.0	0.0	0.0	9.0	7.0	0.0	9.2	0.0	0.0	0.0	26.6	0.0	0.0	738.2	2.2	38.8	0.0	5.8	0.0	6.8	0.0	16.6	2074.0	0.0	0.0	0.0	684.2	1.4	0.0	17.0	1.4	13.0	0.0	0.0	0.0	0.0	22.6	0.0	0.0	0.0	0.0	0.0	0.0	0.0	6.6	0.0	0.0	0.0	616.4	6.6	0.0	0.0	11.0	1.2	6.8	0.0	1953.8	0.0	0.0	3.8	3787.8	95.8	0.0	189.622048074	
64	941.666666667	10.8333333333	545.833333333	11320.5	504.0	168.333333333	0.0	0.0	74.5	0.666666666667	3.66666666667	44649.3333333	76221.1666667	221.166666667	30194.8333333	167.5	37.6666666667	0.0	34.8333333333	557717504.0	21991.8333333	672.333333333	48	8592	7824	7152	87.8	0.0	1.0	0.0	5.8	58.4	0.0	214.4	2.6	1927.0	1589.0	964.4	2.4	6268.8	1099.2	64.0	2.4	527.2	0.0	57.4	7457.6	0.0	20.4	68.0	337.8	0.0	2.4	0.0	0.0	87.6	0.0	723.2	1.2	0.0	0.0	0.0	0.0	2.8	57.6	54.2	0.0	37.4	12.4	1.6	29.8	238.2	40.8	11.8	4338.2	65.6	108.2	0.0	5549.8	4.4	61.4	0.0	26.0	13371.0	0.0	0.4	29.2	941.2	5.4	1.0	690.6	1.4	452.4	0.4	0.0	0.4	0.0	77.2	0.0	0.0	2.4	7.0	3.2	0.0	0.0	51.0	7.4	0.0	0.0	767.8	55.6	0.0	0.4	466.2	1.4	60.8	0.0	5817.4	0.0	0.0	34.4	21992.6	1354.6	0.0	56.3850619643	
65	598.0	1.0	387.5	39777.25	67.5	26.25	0.0	0.0	64.5	0.25	0.0	31129.25	39081.5	243.75	9208.75	0.0	43.5	0.0	16.5	498758656.0	8438.0	93.75	189	34776	34776	34776	11.0	0.0	0.0	0.0	2.6	23.4	0.0	3.6	0.0	248.8	428.8	227.0	3.2	208.2	52.0	34.0	3.2	121.8	0.0	84.0	1336.4	0.0	1.0	0.0	47.4	0.0	3.2	0.0	0.0	7.2	0.0	32.2	1.6	0.0	0.0	0.0	0.0	0.0	3.0	3.2	0.0	8.6	1.6	0.0	0.0	44.8	0.0	5.0	172.8	1.6	22.6	0.0	7.4	2.2	8.4	0.0	4.4	513.0	0.0	0.0	11.8	218.0	3.4	0.6	336.2	0.4	182.8	0.0	0.0	0.0	0.0	5.0	0.0	0.0	3.0	0.0	2.0	0.0	0.0	5.2	2.6	0.0	0.0	338.8	6.8	0.0	0.0	91.6	0.8	8.4	0.0	269.2	0.0	0.0	0.6	1020.0	117.0	0.0	163.509145812	
66	1064.0	0.875	700.5	49137.0	200.625	75.75	0.0	0.0	75.25	0.625	0.0	52415.625	78824.75	337.0	15278.375	0.0	0.0	0.0	14.5	499564544.0	14490.625	276.375	239	37045	43976	44693	18.4	0.0	0.0	0.0	0.0	16.0	0.0	15.4	1.2	582.6	834.4	307.8	0.0	601.0	145.6	15.0	0.0	325.6	0.0	152.4	3401.2	0.0	0.0	0.0	57.2	0.0	0.0	0.0	0.0	9.0	0.0	281.4	0.0	0.0	0.0	0.0	0.0	0.0	1.2	0.0	0.0	6.4	2.0	0.0	0.0	36.8	0.0	0.2	521.8	0.0	36.4	0.0	5.2	1.0	10.2	0.0	11.8	1311.2	0.0	0.0	8.0	452.8	2.6	1.0	57.0	1.0	79.8	0.0	0.0	0.0	0.0	20.2	0.0	0.0	0.0	0.0	0.0	0.0	0.0	6.6	0.0	0.0	0.0	476.8	6.6	0.0	0.0	58.4	1.8	10.2	0.0	3215.2	0.0	0.0	0.0	2535.2	526.8	0.0	217.893785369	
67	1847.28571429	12.2857142857	870.571428571	34070.8571429	382.571428571	54.4285714286	0.0	0.0	93.8571428571	0.0	0.142857142857	94145.2857143	153646.857143	328.285714286	17298.5714286	0.0	0.0	0.0	12.4285714286	511442944.0	11729.1428571	437.0	168	22512	21168	19824	33.6	0.0	0.0	0.0	1.0	184.0	0.0	247.0	0.0	494.8	613.8	474.8	0.0	2561.4	93.2	65.0	0.0	175.2	0.0	112.8	2491.4	0.0	1.0	2.0	184.4	0.4	0.0	0.0	0.0	95.6	0.0	118.0	0.0	0.0	0.0	0.0	0.0	0.0	7.0	2.0	0.0	6.0	23.2	0.0	1.0	171.4	2.0	3.0	1173.4	4.0	69.4	0.0	253.8	6.4	9.0	0.0	9.0	3240.6	0.0	0.0	92.0	430.2	1.6	1.0	907.4	1.0	755.4	0.0	0.0	0.0	0.0	44.4	0.0	0.0	0.0	3.0	13.0	0.0	0.0	8.4	2.0	0.0	0.0	464.2	7.2	0.0	1.0	600.6	0.4	8.8	0.0	908.0	0.0	0.6	1.0	6364.8	217.6	0.0	170.185499043	
68	676.875	1.875	362.25	27961.375	413.75	89.625	0.0	0.0	78.875	0.625	1.0	30055.25	40049.625	146.125	17065.875	0.0	51.5	0.0	20.25	539015680.0	16125.625	503.375	130	21970	21450	21320	63.2	0.0	2.0	0.0	3.2	23.2	0.0	47.0	1.8	710.0	1378.4	752.2	3.6	6456.8	96.6	34.0	3.6	139.4	0.0	64.8	6802.0	0.0	8.0	43.0	137.2	0.0	3.6	0.0	0.0	12.0	0.0	298.6	1.8	0.0	0.0	0.0	0.0	0.0	32.6	25.8	0.0	60.0	2.6	0.0	0.0	98.4	4.0	5.8	412.0	32.0	28.6	0.0	394.6	4.4	18.4	0.0	11.8	778.0	1.0	0.0	11.6	642.0	5.4	0.8	2254.6	1.4	215.0	0.0	0.0	0.0	0.0	24.0	0.0	0.0	3.0	0.0	2.0	14.0	0.0	10.6	3.2	0.0	0.0	957.4	14.8	0.0	0.0	118.2	1.0	18.4	0.0	2161.6	0.0	0.0	5.8	3163.8	960.8	0.0	118.486007836	
69	818.333333333	0.666666666667	411.666666667	25952.0	105.666666667	18.0	0.0	0.0	67.3333333333	0.0	0.0	26329.0	37848.3333333	307.333333333	9455.33333333	0.0	0.0	0.0	9.33333333333	481439744.0	8105.33333333	123.666666667	120	15120	14640	14280	23.0	0.0	0.0	0.0	0.0	0.0	0.0	15.8	0.0	211.6	360.8	107.2	0.0	342.2	38.4	0.0	0.0	157.0	0.0	109.0	1234.2	0.0	0.0	0.0	32.0	0.0	0.0	0.0	0.0	1.0	0.0	55.6	0.0	0.0	0.0	0.0	0.0	0.0	2.0	0.0	0.0	5.0	0.0	0.0	0.0	19.0	0.0	0.0	433.0	0.0	15.2	0.0	6.8	0.0	2.8	0.0	12.0	828.2	0.0	0.0	0.0	179.6	0.6	0.0	6.0	2.0	8.0	0.0	0.0	0.0	0.0	47.4	0.0	0.0	0.0	0.0	0.0	0.0	0.0	2.0	0.0	0.0	0.0	115.8	2.0	0.0	0.0	3.0	1.4	2.8	0.0	401.6	0.0	0.0	0.0	1717.2	92.8	0.0	101.877335548	
70	9041.4	10.2	1050.2	13029.0	8399.4	271.4	0.0	0.6	100.2	1.0	0.8	81755.8	150777.4	221.4	28395.0	332.4	17.4	0.0	22.0	524550963.2	17106.6	8671.4	101	16059	16059	16059	58.6	0.0	1.0	0.0	4.2	50.4	0.0	132.6	0.0	18666.4	23621.6	3280.8	4.0	4720.0	181.0	84.0	4.0	802.2	0.0	38.0	50623.2	0.0	4.0	7.8	247.6	0.4	4.0	0.0	0.0	40.2	0.0	144.8	2.0	0.0	0.0	0.0	0.0	14.0	10.0	9.8	0.0	10.0	12.4	4.0	4.0	120.4	0.0	14.6	176.8	8.6	69.4	0.0	598.4	6.8	30.0	0.0	11.0	290.8	0.0	2.0	25.2	18557.8	16.6	0.4	65287.2	1.0	392.0	2.0	0.0	2.0	0.0	67.2	0.0	0.0	0.6	3.0	2.0	0.0	0.0	23.4	12.2	0.0	0.0	3693.6	37.0	0.0	2.0	241.4	0.0	27.8	0.0	4183.6	0.0	0.0	5.0	8790.6	466.6	0.0	195.057387929	
71	2014.66666667	2.0	875.0	51715.6666667	1094.0	239.666666667	0.0	0.0	61.0	1.0	16.0	84679.6666667	110423.333333	395.0	38514.6666667	0.0	6.66666666667	0.0	20.6666666667	580123306.667	27739.3333333	1333.66666667	258	31992	41796	30186	57.6	0.0	1.0	0.0	2.8	28.8	0.0	51.8	1.4	1814.0	3334.0	1641.6	3.2	11890.0	117.8	44.4	3.2	331.6	0.0	155.8	14199.0	0.0	3.8	11.4	132.6	0.0	3.2	0.0	0.0	22.6	0.0	1224.8	1.6	0.0	0.0	0.0	0.0	0.0	17.2	15.8	0.0	140.6	3.6	0.0	0.0	106.6	0.0	8.2	1022.4	11.4	39.4	0.0	940.8	9.2	17.4	0.0	19.4	1735.0	0.0	0.0	14.4	1739.0	8.0	0.6	6872.0	1.2	256.6	0.0	0.0	0.0	0.0	38.4	0.0	0.0	3.0	0.0	2.0	0.0	0.0	9.0	2.8	0.0	0.0	1917.4	11.8	0.0	0.0	132.2	0.8	17.4	0.0	7773.8	0.0	0.0	0.6	9139.0	1963.6	0.0	226.332789313	
72	900.666666667	0.666666666667	577.833333333	33054.0	124.5	47.5	0.0	0.0	33.1666666667	0.5	0.0	37904.0	64468.8333333	231.0	9528.33333333	0.0	1.0	0.0	9.33333333333	487646549.333	9682.0	172.0	157	5181	6594	7850	53.0	0.0	0.0	0.0	0.0	0.0	0.0	14.6	1.0	352.8	484.4	190.4	0.0	665.6	83.4	0.0	0.0	189.8	0.0	82.2	2112.2	0.0	0.0	0.0	69.6	0.0	0.0	0.0	0.0	5.0	0.0	309.0	0.0	0.0	0.0	0.0	0.0	0.0	2.0	0.0	0.0	8.2	0.0	0.0	0.0	43.2	0.0	0.0	555.8	0.0	34.6	0.0	3.6	0.0	5.4	0.0	16.0	1437.6	0.0	0.0	0.0	282.6	0.2	0.0	2.0	1.0	10.6	0.0	0.0	0.0	0.0	10.4	0.0	0.0	0.0	0.0	0.0	0.0	0.0	1.4	0.0	0.0	0.0	302.2	1.4	0.0	0.0	21.6	1.2	5.4	0.0	2408.6	0.0	2.2	0.0	2679.6	707.6	0.0	119.451709164	
73	782.0	0.0	532.0	27000.0	58.0	32.0	0.0	0.0	75.0	0.0	0.0	31660.0	54737.0	225.0	8710.0	0.0	0.0	0.0	15.0	507162624.0	10982.0	90.0	126	20286	19404	19404	59.2	0.4	0.0	0.0	0.0	25.2	0.0	26.4	2.0	700.6	976.8	368.4	0.0	764.0	177.4	14.6	0.0	338.0	0.0	89.0	4550.8	0.0	0.0	0.0	101.4	0.4	0.0	0.0	0.0	16.6	0.0	373.4	0.0	0.0	0.0	0.0	0.0	0.0	2.0	0.0	0.0	3.0	1.8	0.0	0.0	65.8	0.0	1.0	620.2	0.0	31.0	0.0	8.4	1.0	11.0	0.0	21.0	1744.2	0.0	0.0	12.6	559.0	3.4	0.6	70.2	2.0	109.8	0.0	0.0	0.0	0.0	6.4	0.0	0.0	0.0	0.0	0.0	0.0	0.0	6.4	0.0	0.0	0.0	577.0	6.4	0.0	0.0	87.8	1.0	11.0	0.0	3581.4	0.0	17.8	0.0	3128.8	776.2	0.0	114.174286468	
74	665.833333333	0.833333333333	328.5	27196.6666667	197.666666667	30.6666666667	0.0	0.0	54.0	0.0	0.0	24418.1666667	32953.8333333	212.5	14991.6666667	0.0	15.6666666667	0.0	17.5	520527189.333	12487.6666667	228.333333333	125	25375	25375	25375	76.4	0.0	1.8	0.0	1.6	26.0	0.0	92.0	0.0	1464.6	8274.0	13905.6	1.6	106223.2	1963.0	42.0	1.6	179.2	0.0	46.2	126292.8	0.0	96.2	167.6	347.8	0.0	1.6	0.0	0.0	6.2	0.0	463.8	0.8	0.0	0.0	0.0	0.0	0.0	262.0	265.4	0.0	1924.4	2.4	0.0	0.0	157.4	2.0	7.8	1716.0	169.8	50.6	0.0	6809.4	2.2	14.8	0.0	6.0	4577.8	0.0	0.0	13.0	1244.6	5.0	0.4	42351.0	6.4	620.4	0.0	0.0	0.0	0.0	402.2	0.0	0.0	6.6	0.0	2.0	0.0	0.0	5.2	1.6	0.0	0.0	22235.8	6.0	0.0	0.0	230.8	1.4	14.8	0.0	1391.8	0.0	0.0	3.4	17088.6	1769.8	0.0	115.916053996	
75	6833.33333333	0.333333333333	242.0	13641.6666667	6445.5	14.3333333333	0.0	0.0	22.1666666667	0.0	0.0	22646.6666667	28341.5	174.0	10714.5	0.0	0.0	0.0	9.33333333333	479687338.667	6853.66666667	6459.83333333	88	2024	2728	1848	43.0	0.0	0.0	0.0	0.0	0.0	0.0	8.0	0.0	127.8	131.4	60.6	0.0	100.8	48.8	0.0	0.0	65.4	0.0	50.8	501.2	0.0	0.0	0.0	43.0	0.0	0.0	0.0	0.0	1.0	0.0	32.8	0.0	0.0	0.0	0.0	0.0	0.0	1.6	0.0	0.0	4.6	0.0	0.0	0.0	29.6	0.0	0.0	195.0	0.0	27.2	0.0	2.6	0.0	3.4	0.0	9.0	225.8	0.0	0.0	0.0	91.0	0.6	0.0	1.0	1.0	7.6	0.0	0.0	0.0	0.0	17.4	0.0	0.0	0.0	0.0	0.0	0.0	0.0	2.6	0.0	0.0	0.0	102.8	2.6	0.0	0.0	8.0	1.0	3.4	0.0	270.6	0.0	0.0	0.0	514.6	65.2	0.0	142.447024596	
76	1253.83333333	21.8333333333	793.5	45714.1666667	244.5	90.0	0.0	0.0	55.3333333333	0.833333333333	0.666666666667	55007.6666667	89719.1666667	381.5	10824.6666667	0.0	2.0	0.0	14.5	494538752.0	10144.5	334.5	224	38752	39872	40096	13.0	0.0	0.0	0.0	0.0	53.0	0.0	44.25	2.0	541.25	706.0	373.0	0.0	1160.0	160.0	10.0	0.0	412.0	0.0	169.0	4126.5	0.0	4.0	4.0	119.25	0.0	0.0	0.0	0.0	30.0	0.0	469.5	0.0	0.0	0.0	0.0	0.0	0.0	8.0	4.0	0.0	15.0	5.75	0.0	0.0	59.25	0.0	1.0	831.75	1.5	55.0	0.0	5.0	0.0	9.25	0.0	33.0	2545.0	0.0	0.0	26.5	408.0	2.0	0.0	177.0	1.5	218.0	0.0	0.0	0.0	0.0	14.25	0.0	0.0	0.0	0.0	0.0	0.0	0.0	5.0	0.0	0.0	0.0	563.25	7.0	0.0	0.0	187.25	1.0	9.25	0.0	4209.75	0.0	0.0	2.0	4489.5	836.0	0.0	203.547017427	
77	854.888888889	1.55555555556	402.666666667	39613.2222222	205.777777778	31.5555555556	0.0	0.0	31.1111111111	0.333333333333	0.0	29433.3333333	39411.7777778	290.333333333	8693.88888889	0.0	0.222222222222	0.0	9.33333333333	488584533.333	9477.44444444	237.333333333	189	37422	37233	37422	14.6	0.0	0.0	0.0	0.0	0.0	0.0	14.6	1.0	243.2	354.4	197.0	0.0	1896.0	28.8	0.0	0.0	241.0	0.0	145.2	1812.6	0.0	0.0	0.0	28.0	0.4	0.0	0.0	0.0	6.6	0.0	76.6	0.0	0.0	0.0	0.0	0.0	0.0	2.0	0.0	0.0	2.0	0.2	0.0	0.0	23.2	0.0	0.0	1076.0	0.0	9.4	0.0	6.2	0.4	1.2	0.0	5.0	4123.0	0.0	0.0	0.0	218.8	0.0	0.0	0.4	1.0	7.4	0.0	0.0	0.0	0.0	8.8	0.0	0.0	0.0	0.0	0.0	0.0	0.0	0.0	0.0	0.0	0.0	199.2	0.0	0.0	0.0	19.0	1.0	1.2	0.0	1425.0	0.0	0.0	0.0	6443.0	512.0	0.0	171.811887665	
78	2792.85714286	74.2857142857	1282.28571429	35105.0	951.571428571	214.857142857	0.0	0.0	107.714285714	1.42857142857	51.4285714286	198682.857143	254997.428571	305.714285714	33398.1428571	0.0	0.0	0.0	18.1428571429	509372708.571	16826.7142857	1166.42857143	182	25844	25480	25116	57.0	0.0	0.0	0.0	5.6	0.0	0.0	225.0	3.0	3029.2	6867.8	2477.4	0.0	3856.0	644.4	1.0	0.0	2496.6	0.0	115.0	10502.4	0.0	11.6	16.0	81.2	0.0	0.0	0.0	0.0	6.0	0.0	530.6	0.0	0.0	0.0	0.0	0.0	0.0	19.6	11.6	0.0	11.6	1.2	0.0	0.0	50.6	5.0	3.2	2479.6	616.0	61.0	0.0	39.0	0.0	11.8	0.0	15.0	8219.8	0.0	0.0	0.0	2444.8	2.6	0.0	210.6	3.0	32.8	0.0	0.0	0.0	0.0	125.2	0.0	0.0	0.0	1.0	0.0	0.0	0.0	8.0	7.6	0.0	0.0	2429.0	38.6	0.0	0.0	41.4	1.2	11.8	0.0	4016.2	0.0	0.0	8.0	14415.8	987.6	0.0	188.693584549	
79	8424.8	0.8	450.6	17295.8	7903.4	157.6	0.0	0.0	71.2	0.2	5.0	55434.0	63552.0	255.6	33193.0	0.0	58.2	0.0	21.2	545977139.2	20047.4	8061.0	114	13224	12996	12426	62.2	0.0	1.0	0.0	4.0	26.0	0.0	23.6	0.0	4440.6	7873.8	1884.4	4.0	20700.6	1099.4	39.4	4.0	111.0	0.0	40.2	26165.6	0.0	12.0	22.6	138.2	0.0	4.0	0.0	0.0	8.8	0.0	165.2	2.0	0.0	0.0	0.0	0.0	0.0	36.6	35.6	0.0	319.4	3.4	0.0	0.0	109.2	0.0	6.0	1137.2	22.6	43.8	0.0	1538.6	3.4	15.4	0.0	10.0	3708.6	0.0	0.0	13.0	4329.8	7.6	1.0	19334.4	3.0	264.2	0.0	0.0	0.0	0.0	93.0	0.0	0.0	5.0	0.0	4.0	0.0	0.0	8.8	4.0	0.0	0.0	2554.4	11.6	0.0	0.0	138.0	1.0	15.2	0.0	728.2	0.0	0.0	1.0	8492.0	508.0	0.0	155.246617684	
80	12272.7142857	0.571428571429	4862.42857143	33191.2857143	8424.71428571	1315.71428571	0.0	0.0	33.2857142857	8.71428571429	0.142857142857	614379.142857	1170746.71429	449.428571429	30266.0	0.0	2.28571428571	0.0	19.1428571429	541816539.429	22227.5714286	9740.42857143	237	7347	9243	10428	62.0	0.0	0.0	0.0	2.6	0.0	0.0	53.4	1.0	82863.8	51464.4	13476.4	2.0	3506.4	55146.6	4.6	2.0	27702.0	0.0	169.0	213852.8	0.0	1.0	2.0	94.6	0.0	2.0	0.0	0.0	18.2	0.0	325.2	0.0	0.0	0.0	0.0	0.0	10.0	6.6	2.0	0.0	7.2	7.0	0.0	1.0	74.4	0.0	2.4	711.0	2.0	64.4	0.0	35554.8	3.8	23.2	0.0	11.6	3810.8	0.0	0.0	0.0	27735.2	4.2	0.0	695174.0	5.0	25.8	0.0	0.0	0.0	0.0	167.4	0.0	0.0	0.0	1.8	0.0	0.0	0.0	21.4	2.6	0.0	0.0	10137.4	17.0	0.0	1.0	96.8	1.2	23.2	0.0	133924.6	0.0	0.0	1.0	52504.0	1149.8	0.0	345.527399469	
81	2527.57142857	1.28571428571	1183.0	15976.8571429	1476.28571429	221.285714286	0.0	0.0	29.2857142857	3.14285714286	0.285714285714	160340.571429	280993.571429	330.857142857	18038.4285714	0.0	0.714285714286	0.0	18.5714285714	491426377.143	7943.14285714	1697.57142857	82	4346	4264	5002	23.8	0.0	0.0	0.0	1.0	0.0	0.0	59.4	0.0	4752.0	13230.8	4509.4	0.0	2814.0	251.4	0.0	0.0	4475.6	0.0	28.2	16861.2	0.0	0.0	0.0	214.6	0.0	0.0	0.0	0.0	5.6	0.0	509.4	0.0	0.0	0.0	0.0	0.0	0.0	2.8	0.0	0.0	5.0	1.0	0.0	0.0	27.2	0.0	0.0	2225.2	0.0	55.8	0.0	1711.8	1.0	172.4	0.0	183.2	6667.6	0.0	0.0	0.0	4523.0	2.0	0.0	5408.8	4.2	9.4	0.0	0.0	0.0	0.0	81.6	0.0	0.0	0.0	0.0	0.0	0.0	0.0	170.0	1.0	0.0	0.0	4434.6	171.0	0.0	0.0	18.6	1.0	172.4	0.0	20648.2	0.0	0.0	0.0	17568.4	577.6	0.0	89.1503338044	
82	582.0	1.5	377.0	15326.25	93.25	38.0	0.0	0.0	58.5	0.0	0.25	24349.5	44319.0	140.75	12866.5	0.0	59.5	0.0	16.0	502899712.0	9854.75	131.25	66	12012	11946	11748	47.0	0.0	0.0	0.0	3.0	14.0	0.0	32.0	0.0	464.2	344.2	169.0	2.0	625.0	230.8	22.2	2.0	107.0	0.0	39.0	1562.4	0.0	3.8	4.6	103.8	0.0	2.0	0.0	0.0	28.4	0.0	89.6	1.0	0.0	0.0	0.0	0.0	0.0	17.4	4.6	0.0	26.8	9.4	0.0	0.0	59.2	0.0	7.2	646.4	0.0	84.2	0.0	11.2	2.0	10.8	0.0	26.2	1363.0	0.0	0.0	7.0	269.4	5.6	1.0	270.0	1.0	96.8	0.0	0.0	0.0	0.0	26.6	0.0	0.0	0.0	7.2	2.0	0.0	0.0	8.0	3.0	0.0	0.0	373.4	10.4	0.0	0.0	159.4	1.0	10.8	0.0	885.4	0.0	0.0	3.2	2894.0	238.0	0.0	64.8741247984	
83	1676.75	1408.0	1047.0	25418.75	2195.5	330.75	0.0	0.0	60.5	0.75	3.0	85673.5	173533.75	362.5	29746.5	0.0	1.75	0.0	28.0	533281792.0	15351.75	2526.25	133	21546	22477	23009	81.6	0.0	0.0	0.0	2.4	8.4	0.0	243.8	1.6	3803.6	5218.8	2130.8	1.2	7650.0	234.6	10.0	1.2	2621.8	0.0	150.0	34035.4	0.0	24.0	24.6	148.6	0.0	1.2	0.0	0.0	9.0	0.0	903.4	0.6	0.0	0.0	0.0	0.0	0.0	25.6	23.6	0.0	15.0	2.0	0.0	0.0	66.4	0.0	0.6	4726.6	5.0	109.0	0.0	139.0	2.0	24.2	0.0	40.4	17200.2	0.0	0.0	4.2	3630.2	19.2	0.6	554.0	2.2	72.2	0.0	0.0	0.0	0.0	290.2	0.0	0.0	0.0	0.0	1.2	0.0	0.0	14.8	2.4	0.0	0.0	13745.4	28.0	0.0	0.0	84.4	1.2	24.2	0.0	17278.8	0.0	23.4	12.4	80355.8	1687.4	0.0	157.620830993	
84	1256.16666667	107.166666667	658.5	20485.1666667	837.666666667	196.333333333	0.0	0.0	346.833333333	0.333333333333	4.83333333333	48675.1666667	81088.3333333	214.5	38253.5	0.0	31.3333333333	0.0	26.0	562356906.667	23583.8333333	1034.0	98	15680	15974	16072	186.2	0.0	0.0	0.0	0.0	198.8	0.0	115.2	3.8	1402.2	1607.0	1781.2	0.0	5869.6	280.0	217.2	0.0	649.6	0.0	67.2	9727.2	0.0	31.2	42.4	487.2	0.0	0.0	0.0	0.0	222.0	0.0	491.8	0.0	0.0	0.0	0.0	0.0	0.0	72.8	32.2	0.0	7.0	86.2	0.0	0.0	394.6	75.4	73.8	3645.4	1914.2	87.8	0.0	33.6	4.4	28.6	0.0	17.2	13590.8	0.0	0.0	99.4	1163.8	6.6	1.0	1016.0	2.8	920.4	0.0	0.0	0.0	0.0	186.2	0.0	0.0	0.0	71.0	4.0	0.0	0.0	20.4	21.2	0.0	0.0	1793.4	38.0	0.0	0.0	1029.6	0.8	28.6	0.0	8502.2	0.0	2.4	21.2	20933.2	1093.4	0.0	103.20550196	
85	5602.71428571	0.857142857143	1415.0	16835.4285714	4018.71428571	250.142857143	37.8571428571	5.28571428571	143.714285714	4.28571428571	0.285714285714	136913.0	353570.0	334.857142857	22424.2857143	4997.42857143	0.571428571429	0.0	19.4285714286	519073206.857	8778.42857143	4312.0	104	10088	8840	7904	222.4	0.0	3.0	0.0	0.0	374.8	0.0	356.8	3.0	617.0	153.0	783.4	0.0	3268.4	527.8	92.8	0.0	72.8	0.0	62.8	12142.0	0.0	17.8	7.6	604.0	4.2	0.0	0.0	0.0	198.0	0.0	642.8	0.0	1.8	0.0	0.0	0.0	12.6	10.8	28.4	0.0	2.0	5.4	34.2	0.0	548.8	6.0	4.2	1828.6	13.6	58.8	0.0	68.6	2.6	24.6	0.0	78.6	7773.2	0.0	1.8	187.4	126.2	5.6	1.0	1190.2	4.8	1422.8	1.8	1.8	2.0	0.0	159.2	0.0	0.0	0.0	0.0	4.0	0.0	0.0	22.6	0.0	0.0	0.0	449.2	21.6	0.0	0.0	1186.4	0.4	22.8	0.0	27598.6	0.0	0.0	13.6	40921.8	936.8	0.0	186.792606024	
86	1260.14285714	0.428571428571	606.285714286	44598.5714286	423.857142857	51.8571428571	0.0	0.0	178.285714286	0.714285714286	0.0	45190.5714286	61396.1428571	329.142857143	10522.8571429	0.0	0.0	0.0	9.42857142857	488574976.0	8578.0	475.714285714	217	43617	40579	9331	83.4	0.0	0.0	0.0	0.0	14.0	0.0	21.2	0.0	595.6	958.8	415.8	0.0	530.4	91.8	15.0	0.0	312.2	0.0	98.4	3903.0	0.0	0.0	0.0	40.6	0.4	0.0	0.0	0.0	8.4	0.0	31.8	0.0	0.0	0.0	0.0	0.0	2.0	2.0	0.0	0.0	4.0	4.0	0.0	0.0	32.6	0.0	0.0	408.8	0.0	24.8	0.0	3.2	2.2	3.2	0.0	6.0	1212.2	0.0	0.0	7.0	542.0	0.6	1.0	81.8	1.0	73.2	0.0	0.0	0.0	0.0	28.4	0.0	0.0	0.0	0.0	0.0	0.0	0.0	2.8	0.0	0.0	0.0	1402.0	2.8	0.0	0.0	64.0	0.8	3.2	0.0	1643.8	0.0	0.0	0.0	2195.2	134.6	0.0	194.422091733	
87	1482.8	36.2	985.4	50544.6	21.4	10.4	0.0	0.0	148.8	0.6	0.2	67172.2	124977.4	392.8	6149.0	0.0	0.0	0.0	13.0	488461926.4	7351.4	31.8	250	20000	22500	24750	36.2	0.0	0.0	0.0	1.0	93.2	0.0	33.4	0.0	211.2	84.6	235.4	0.0	498.2	174.0	55.2	0.0	21.8	0.0	9.0	807.8	0.0	3.0	6.0	203.6	0.0	0.0	0.0	0.0	46.4	0.0	72.6	0.0	0.0	0.0	0.0	0.0	0.0	10.0	17.0	0.0	4.0	6.6	0.0	3.0	181.6	0.0	1.0	422.2	15.0	49.6	0.0	19.8	8.2	18.0	0.0	7.0	1172.4	0.0	0.0	46.6	88.2	1.8	0.0	573.0	0.8	384.4	0.0	0.0	0.0	0.0	45.0	0.0	0.0	0.0	1.2	22.0	0.0	0.0	18.0	1.0	0.0	0.0	5758.2	22.6	0.0	0.0	366.0	0.8	18.0	0.0	533.0	0.0	0.0	3.0	2348.2	201.4	0.0	186.383819578	
88	737.0	50.8571428571	422.857142857	27070.8571429	298.857142857	68.1428571429	0.0	0.0	195.857142857	0.142857142857	0.571428571429	31618.0	46009.8571429	208.571428571	15037.7142857	0.0	0.571428571429	0.0	13.0	498597302.857	13132.8571429	367.0	127	26416	11176	2413	70.2	0.0	0.0	0.0	1.0	130.0	0.0	71.0	1.6	390.6	440.6	460.2	0.0	2562.8	133.6	59.2	0.0	173.0	0.0	62.8	2880.8	0.0	4.8	8.0	336.2	0.4	0.0	0.0	0.0	70.6	0.0	368.4	0.0	0.0	0.0	0.0	0.0	0.0	11.8	7.8	0.0	4.2	20.4	0.0	3.0	319.8	12.8	13.6	1662.2	865.0	37.2	0.0	44.6	3.8	13.4	0.0	6.8	5660.8	0.0	0.0	65.0	309.0	2.0	3.0	5528.0	1.4	566.8	0.0	0.0	0.0	0.0	99.0	0.0	0.0	0.0	15.0	27.6	0.0	0.0	11.0	5.0	0.0	0.0	591.6	17.0	0.0	0.0	517.2	0.0	13.4	0.0	2760.6	0.0	0.0	4.0	10793.0	926.2	0.0	109.962043247	
89	917.666666667	1.5	349.333333333	21926.5	560.166666667	86.3333333333	0.0	0.0	35.3333333333	0.0	0.0	23819.6666667	33697.5	164.166666667	19197.5	0.0	23.1666666667	0.0	18.5	537375402.667	16602.0	646.5	101	17877	18180	18382	85.0	0.0	1.0	0.0	2.6	15.2	0.0	35.8	1.2	1010.6	1251.4	223.4	3.2	5709.4	306.4	18.6	3.2	95.2	0.0	36.6	3011.8	0.0	0.0	0.0	97.8	0.0	3.2	0.0	0.0	11.4	0.0	646.4	1.6	0.0	0.0	0.0	0.0	0.0	2.0	0.6	0.0	7.2	2.4	0.0	0.0	84.2	0.0	1.2	908.6	0.0	25.8	0.0	363.8	3.0	13.4	0.0	15.0	721.0	0.0	0.0	7.6	731.0	5.0	0.6	1835.2	1.0	106.4	0.0	0.0	0.0	0.0	12.6	0.0	0.0	0.0	0.0	2.0	0.0	0.0	8.4	2.6	0.0	0.0	289.0	10.2	0.0	0.0	61.0	1.0	13.2	0.0	3877.2	0.0	0.2	0.6	4425.4	1148.6	0.0	95.0471434697	
90	1574.33333333	0.333333333333	883.0	48551.1666667	483.5	172.833333333	0.0	0.0	52.0	0.333333333333	0.0	50539.1666667	86403.3333333	378.666666667	40894.1666667	0.0	1.0	0.0	10.0	496467968.0	25045.6666667	656.333333333	240	42480	42240	41760	32.6	0.0	0.0	0.0	0.0	0.0	0.0	71.4	2.0	993.2	1040.6	555.4	0.0	3910.8	287.8	0.0	0.0	502.4	0.0	155.2	9528.4	0.0	0.0	0.0	146.8	0.0	0.0	0.0	0.0	3.6	0.0	947.4	0.0	0.0	0.0	0.0	0.0	0.0	0.4	0.0	0.0	28.0	0.0	0.0	0.0	31.8	0.0	1.0	2391.8	0.0	156.4	0.0	13.8	0.0	18.2	0.0	58.8	8325.4	0.0	0.0	0.0	769.0	3.0	0.0	13.8	3.0	18.2	0.0	0.0	0.0	0.0	133.2	0.0	0.0	0.0	0.0	0.0	0.0	0.0	1.8	0.0	0.0	0.0	900.8	1.8	0.0	0.0	42.4	1.0	18.2	0.0	7878.0	0.0	30.8	0.0	13838.4	1377.0	0.0	224.417510652	
91	661.75	0.25	402.25	42786.75	63.5	21.25	0.0	0.0	238.25	0.75	0.25	34726.5	43393.5	298.25	8616.0	0.0	0.0	0.0	17.0	488571904.0	7829.25	84.75	205	41820	28905	14145	3.0	0.2	0.0	0.0	4.4	35.6	0.0	40.6	0.0	187.2	240.2	147.0	0.0	649.6	84.8	34.2	0.0	138.2	0.0	118.0	673.8	0.0	2.8	6.0	51.8	0.0	0.0	0.0	0.0	16.0	0.0	30.6	0.0	0.0	0.0	0.0	0.0	0.0	11.4	5.8	0.0	6.2	7.4	0.0	3.0	47.4	0.0	2.0	429.4	4.2	30.2	0.0	6.2	3.6	11.4	0.0	2.8	1430.0	0.0	0.0	14.8	135.4	1.6	0.8	147.2	0.6	192.2	0.0	0.0	0.0	0.0	23.0	0.0	0.0	0.0	2.0	0.0	0.0	0.0	11.4	4.4	0.0	0.0	830.8	15.8	0.2	0.0	131.4	1.2	11.4	0.0	237.4	0.0	0.0	3.0	2449.0	54.8	0.0	172.507272438	
92	4203.0	12.75	2316.0	41456.25	553.75	105.25	0.0	0.0	188.0	4.5	0.5	215291.5	434334.0	341.5	30990.0	0.0	29.0	0.0	21.25	549892096.0	14824.75	659.0	226	12656	12882	12204	57.6	0.0	0.0	0.0	1.8	206.8	0.0	81.8	0.0	2661.8	3000.6	1033.2	0.8	3963.4	271.6	85.0	0.8	594.8	0.0	127.2	9295.2	0.0	1.6	2.6	316.6	0.0	0.8	0.0	0.0	109.6	0.0	248.8	0.4	0.0	0.0	0.0	0.0	0.0	6.0	3.0	0.0	33.0	28.0	0.0	1.0	202.6	2.0	7.0	1790.0	4.2	138.8	0.0	560.4	6.6	15.8	0.0	62.2	5213.4	0.0	0.0	103.4	2422.8	6.0	1.0	2350.2	1.6	884.2	0.0	0.0	0.0	0.0	82.6	0.0	0.0	0.6	6.0	20.0	0.0	0.0	11.2	2.8	0.0	0.0	1744.2	10.6	0.0	1.0	705.4	0.6	15.8	0.0	2636.4	0.0	0.0	1.4	10568.8	425.2	0.0	236.003552674	
93	4149.14285714	0.857142857143	1690.57142857	37727.1428571	27.8571428571	11.2857142857	0.0	0.0	305.428571429	1.28571428571	0.428571428571	194356.428571	278462.0	454.857142857	5052.14285714	0.0	0.0	0.0	9.14285714286	477341403.429	6220.14285714	39.1428571429	204	14688	25092	24276	995.6	0.4	36.2	0.0	1.0	2.0	0.0	967.4	8.4	7962.6	14355.4	219042.6	0.0	2938.4	695.2	76.4	0.0	2984.6	0.0	164.4	81582.6	0.0	137.8	1.0	1088.4	17.4	0.0	0.0	0.0	237.6	0.0	276.2	0.0	3.6	2.0	0.0	1.0	56.2	39.2	174.0	0.0	10.0	72.8	76.4	5.0	774.2	68.4	66.8	1605.6	69.4	168.4	0.0	4981.6	16.0	80.2	0.0	24.0	7702.2	0.0	6.6	0.0	6788.6	5.8	0.0	1984.2	5.0	155.4	6.6	3.6	7.0	9.0	298.8	0.0	0.0	0.0	72.2	10.8	0.0	0.0	7444.4	13.0	8.4	4.4	6350.6	67.0	0.0	3.0	1234.6	1.0	73.6	8.4	1367.4	0.0	0.0	68.4	58187.2	952.6	2.0	224.46242376	
94	1554.11111111	6.0	593.111111111	44037.2222222	658.777777778	64.4444444444	0.0	0.0	61.7777777778	0.333333333333	0.0	40106.8888889	59563.0	358.0	24814.3333333	0.0	23.3333333333	0.0	14.6666666667	495027996.444	11181.1111111	723.222222222	216	34344	36072	30672	33.0	0.0	0.0	0.0	0.0	3.2	0.0	24.4	0.0	316.2	385.0	255.8	0.0	1323.0	99.8	7.2	0.0	173.4	0.0	94.0	1799.0	0.0	2.2	2.2	64.6	0.0	0.0	0.0	0.0	8.0	0.0	109.0	0.0	0.0	0.0	0.0	0.0	0.0	4.2	4.4	0.0	9.8	5.6	0.0	2.2	34.2	0.0	3.0	1382.0	4.4	48.6	0.0	7.6	1.2	7.6	0.0	15.4	2843.6	0.0	0.0	1.6	244.2	0.8	0.2	19.4	1.2	31.2	0.0	0.0	0.0	0.0	30.6	0.0	0.0	0.0	3.0	0.0	0.0	0.0	6.0	0.0	0.0	0.0	464.0	9.6	0.0	0.0	46.2	1.2	7.6	0.0	742.6	0.0	0.0	2.2	4993.2	186.4	0.0	205.394841982	
95	2047.0	1.66666666667	649.0	33142.6666667	1431.33333333	190.666666667	0.0	0.0	171.666666667	0.0	20.3333333333	80372.0	91464.6666667	271.0	34304.0	0.0	70.0	0.0	21.3333333333	569853269.333	21715.3333333	1622.0	165	20460	20295	20295	53.4	0.0	1.0	0.0	4.0	26.8	0.0	17.8	0.0	857.4	1578.0	1297.0	4.0	10142.6	468.8	40.6	4.0	157.6	0.0	81.8	11182.0	0.0	7.0	16.6	122.8	0.0	4.0	0.0	0.0	7.8	0.0	95.4	2.0	0.0	0.0	0.0	0.0	0.0	24.8	24.6	0.0	168.8	2.0	0.0	0.0	109.8	0.0	6.4	899.6	16.6	38.8	0.0	706.8	3.0	16.6	0.0	7.0	1864.4	0.0	0.0	13.4	678.8	6.8	1.0	4345.2	1.8	250.8	0.0	0.0	0.0	0.0	39.8	0.0	0.0	5.0	0.0	2.0	0.0	0.0	8.8	4.0	0.0	0.0	1769.8	10.8	0.0	0.0	125.2	1.4	16.6	0.0	1057.6	0.0	0.0	1.0	5573.6	373.6	0.0	159.928699558	
96	951.166666667	0.5	489.666666667	26955.0	101.666666667	27.1666666667	0.0	0.0	46.6666666667	0.0	0.0	29648.1666667	43079.1666667	360.0	11948.6666667	0.0	10.0	0.0	9.83333333333	480640341.333	7508.0	128.833333333	126	4032	4032	3906	27.0	0.0	0.0	0.0	0.0	0.0	0.0	30.6	0.0	163.0	242.8	118.4	0.0	1641.8	52.8	0.0	0.0	179.8	0.0	117.0	1260.6	0.0	1.0	1.6	46.8	0.0	0.0	0.0	0.0	1.0	0.0	63.8	0.0	0.0	0.0	0.0	0.0	0.0	3.0	0.6	0.0	6.4	0.0	0.0	0.0	22.0	0.0	0.0	1239.2	1.0	29.0	0.0	3.0	0.0	3.8	0.0	14.4	3434.4	0.0	0.0	0.0	125.6	0.4	0.0	4.0	1.0	9.0	0.0	0.0	0.0	0.0	14.2	0.0	0.0	0.0	0.0	0.0	0.0	0.0	1.6	0.0	0.0	0.0	158.6	1.6	0.0	0.0	5.6	0.8	3.8	0.0	554.6	0.0	0.0	0.6	6023.2	154.0	0.0	89.9824214406	
97	1651.83333333	5.66666666667	689.666666667	30044.5	918.0	178.5	0.0	0.0	332.333333333	0.333333333333	3.83333333333	55016.1666667	88904.8333333	358.166666667	48567.6666667	0.0	34.0	0.0	30.1666666667	529175893.333	20413.5	1096.5	147	2940	5880	9261	23.0	0.0	0.0	0.0	4.6	106.8	0.0	138.2	1.2	426.6	425.0	543.6	0.0	1727.6	195.8	128.6	0.0	189.0	0.0	99.8	1871.4	0.0	6.4	10.6	198.2	0.0	0.0	0.0	0.0	100.0	0.0	301.6	0.0	0.0	0.0	0.0	0.0	0.0	16.2	9.8	0.0	7.2	54.2	0.0	3.4	183.4	3.6	45.4	1153.8	48.2	72.6	0.0	39.2	3.2	34.6	0.0	5.8	4064.6	0.0	0.0	53.4	304.2	6.4	1.8	494.0	1.2	505.0	0.0	0.0	0.0	0.0	36.0	0.0	0.0	0.0	42.6	20.0	0.0	0.0	33.2	5.8	0.0	0.0	817.2	38.2	0.0	0.0	554.8	1.2	34.4	0.0	1723.2	0.0	7.4	5.4	7148.6	642.4	0.0	133.544306963	
98	5254.4	1.6	850.8	18128.0	4755.8	309.8	0.0	0.0	186.0	1.4	0.2	80063.4	139467.8	234.8	29317.2	0.0	27.8	0.0	18.8	556785664.0	21376.6	5065.6	107	9737	10593	11556	51.0	0.0	1.0	0.0	2.2	65.6	0.0	81.0	2.0	1729.0	2782.4	596.6	2.8	10797.8	85.8	120.8	2.8	196.6	0.0	63.0	7074.0	0.0	0.0	0.0	136.6	0.0	2.8	0.0	0.0	26.4	0.0	991.2	1.4	0.0	0.0	0.0	0.0	0.0	2.0	0.4	0.0	8.6	2.6	0.0	0.0	121.8	0.0	28.0	835.0	0.0	32.2	0.0	898.6	9.8	15.2	0.0	17.0	1492.2	0.0	0.0	32.8	1681.8	6.4	0.4	6849.4	2.0	724.2	0.0	0.0	0.0	0.0	60.6	0.0	0.0	0.0	0.0	2.0	0.0	0.0	8.8	2.2	0.0	0.0	1572.8	11.0	0.0	0.0	356.8	1.0	15.0	0.0	5859.0	0.0	0.0	0.4	9617.6	2333.2	0.0	142.466803016	
