Shaw	Url	id	user	nice	system	idle	cpu_jiffy_user	cpu_jiffy_kernel	cpu_jiffy_user_childs	cpu_jiffy_kernel_childs	iowait	irq	softirq	tot_intrpt	cntx	tot_process	minor_fault	minor_fault_childs	major_fault	major_fault_childs	no_threads	virtual_mem_size	resident_mem_size	total_cpu	duration	R*duration	G*duration	B*duration	lseek	rt_sigtimedwait	uname	kill	epoll_create	umask	send	writev	fchmod	getpid	epoll_wait	read	getgid32	cacheflush	gettid	fsync	geteuid32	recvfrom	sched_get_priority_max	sendto	clock_gettime	inotify_init	connect	getsockname	close	flock	getegid32	rt_sigprocmask	inotify_add_watch	access	sigaltstack	munmap	socketpair	setpgid	getcwd	symlink	getpeername	sigaction	setsockopt	socket	sendmsg	epoll_ctl	chmod	brk	poll	open	select	unlink	sigprocmask	getsockopt	getpriority	recv	nanosleep	mkdir	set_tls	rmdir	dup	mprotect	listen	fork	fchown32	getuid32	sched_yield	statfs64	gettimeofday	mremap	fcntl64	execve	msync	wait4	chdir	madvise	getrusage	sched_setscheduler	ftruncate	rename	getdents64	accept	readv	prctl	pipe	sched_getparam	rt_sigreturn	write	setpriority	recvmsg	getrlimit	stat	restart_syscall	clone	sched_getscheduler	ioctl	readlink	clock_nanosleep	pwrite	bind	futex	mmap2	utimes	energy
0000A053DE676B4D381CC35632D0E5AB67C098BD2C8FB55571750C07F888C465	https://androzoo.uni.lu/api/download?apikey=${APIKEY}&sha256=0000A053DE676B4D381CC35632D0E5AB67C098BD2C8FB55571750C07F888C465	1	1882.33333333	1.0	1648.83333333	14178.6666667	823.0	295.333333333	30.1666666667	6.33333333333	128.0	3.16666666667	0.5	136604.0	235049.333333	261.0	35111.6666667	5987.0	0.0	0.0	19.6666666667	508877482.667	13205.5	1154.83333333	74	5550	5920	4070	17.2222222223	0.0	0.0	0.0	0.0	0.0	0.0	21.3333333333	0.0	1.44444444444	0.0	772.222222222	0.0	1.66666666667	1.33333333333	0.111111111111	0.0	0.0	0.0	0.0	0.777777777778	0.0	0.0	0.0	11.0	0.333333333333	0.0	0.0	0.0	2.55555555556	0.0	12.5555555556	0.0	0.111111111111	0.0	0.0	0.0	0.777777777778	0.0	0.0	0.0	0.0	0.0	1.44444444444	0.0	10.7777777778	0.0	0.0	0.555555555556	0.0	0.333333333333	0.0	0.0	0.0	0.555555555556	0.0	0.0	1066.66666667	0.0	0.111111111111	0.0	0.333333333333	0.0	0.0	1.11111111111	0.0	4.88888888889	0.111111111111	0.111111111111	0.333333333333	0.0	0.111111111111	0.0	0.0	0.0	0.0	0.0	0.0	0.0	0.333333333333	0.0	0.0	0.0	112.0	0.222222222222	0.0	0.0	12.7777777778	0.0	0.222222222222	0.0	6.55555555556	0.0	0.0	0.0	0.0	3.55555555556	27.0	0.0	91.8846336658
0000D4BA8D3DECB4403A8E3BC94347552469AA761E34763DA22602DA891619F5	https://androzoo.uni.lu/api/download?apikey=${APIKEY}&sha256=0000D4BA8D3DECB4403A8E3BC94347552469AA761E34763DA22602DA891619F5	2	5857.8	1.2	2419.0	15724.4	4170.4	787.2	0.0	0.0	52.0	1.8	0.6	302429.4	612997.8	268.2	60497.2	0.0	0.0	0.0	21.6	582705971.2	33624.4	4957.6	105	6300	7980	6300	986.5	0.0	0.0	0.0	3.0	0.0	0.0	112.8	4.3	40143.3	18355.2	50171.0	2.0	8507.6	28617.3	9.2	2.0	11505.2	0.0	127.0	97817.0	0.0	5.0	7.0	203.1	0.0	2.0	0.0	0.0	24.8	0.0	1091.4	0.0	0.0	0.0	0.0	0.0	11.0	13.0	8.0	0.0	7.0	10.5	0.0	3.0	170.9	0.0	9.3	1163.4	6.0	78.5	0.0	14645.5	3.2	29.0	0.0	15.0	4444.6	0.0	0.0	0.0	11552.4	6.2	0.0	266148.1	93.1	36.0	0.0	0.0	0.0	0.0	265.5	0.0	0.0	0.0	6.0	2.0	0.0	0.0	23.5	3.0	0.0	0.0	1459.4	19.5	0.0	1.0	250.2	1.0	29.0	0.0	60211.5	0.0	0.0	0.0	4.0	50751.7	2602.6	0.0	188.087073271
0000E8E31D5FCDFA7D540077F9E6EDF7A3F17AF96E9DC70E4B6249B1FB255E57	https://androzoo.uni.lu/api/download?apikey=${APIKEY}&sha256=0000E8E31D5FCDFA7D540077F9E6EDF7A3F17AF96E9DC70E4B6249B1FB255E57	3	4163.66666667	0.666666666667	1705.0	19158.6666667	2737.88888889	217.666666667	0.0	0.0	21.3333333333	3.77777777778	0.222222222222	129141.0	284764.111111	365.555555556	30056.5555556	0.0	0.0	0.0	12.1111111111	495012522.667	14389.4444444	2955.55555556	109	2289	2398	2289	266.0	0.222222222222	0.0	0.0	0.0	26.0	0.0	71.3333333333	2.0	216.0	276.111111111	533.888888889	0.0	7953.66666667	78.5555555556	15.0	0.0	139.0	0.0	134.0	18793.7777778	0.0	0.0	0.0	68.8888888889	0.0	0.0	0.0	0.0	16.0	0.0	358.111111111	0.0	0.0	0.0	0.0	0.0	0.0	2.0	0.0	0.0	4.0	2.88888888889	0.0	0.0	61.1111111111	0.0	1.0	3908.88888889	0.0	43.1111111111	0.0	40.1111111111	0.777777777778	7.88888888889	0.0	9.0	17963.0	0.0	0.0	13.0	155.777777778	0.444444444444	1.0	16066.5555556	1.0	117.0	0.0	0.0	0.0	0.0	148.777777778	0.0	0.0	0.0	0.0	0.0	0.0	0.0	4.77777777778	0.0	0.0	0.0	153.0	4.77777777778	0.0	0.0	235.666666667	1.0	7.88888888889	0.0	30094.7777778	0.0	0.0	30.0	0.0	24869.0	681.222222222	0.0	139.891762557
000A14155882B100F7511E501693362391D39AE53FD42BA01E51728916B8C2A7	https://androzoo.uni.lu/api/download?apikey=${APIKEY}&sha256=000A14155882B100F7511E501693362391D39AE53FD42BA01E51728916B8C2A7	4	3863.25	8.625	1600.5	16297.125	2748.375	338.875	0.0	0.0	56.125	4.875	1.875	151389.75	287956.0	336.125	34498.375	0.0	0.0	0.0	22.75	554509824.0	20381.75	3087.25	93	6789	5673	4278	54.0	0.0	1.0	0.0	2.28571428571	26.5714285714	0.0	432.857142857	1.14285714286	5285.71428571	8296.42857143	4648.0	2.85714285714	15914.8571429	138.571428571	41.2857142857	2.85714285714	4208.42857143	0.0	97.0	60163.2857143	0.0	27.7142857143	49.4285714286	160.0	0.0	2.85714285714	0.0	0.0	111.714285714	0.0	1040.71428571	1.42857142857	0.0	0.0	0.0	0.0	0.0	35.1428571429	33.5714285714	0.0	43.8571428571	4.85714285714	0.0	0.0	123.142857143	3.0	7.14285714286	1413.42857143	603.428571429	60.4285714286	0.0	674.285714286	14.2857142857	42.5714285714	0.0	16.2857142857	4677.0	0.0	0.0	13.2857142857	5206.85714286	14.2857142857	0.428571428571	11843.2857143	1.71428571429	234.714285714	0.0	0.0	0.0	0.0	44.5714285714	0.0	0.0	4.0	0.0	2.0	0.0	0.0	35.0	3.28571428571	0.0	0.0	7159.14285714	38.4285714286	0.0	0.0	260.428571429	1.0	42.5714285714	0.0	41882.5714286	0.0	0.0	223.142857143	22.4285714286	16905.8571429	1650.0	0.0	131.582117514
000A62EB439A2B5B0CA148BE5B5981687C95817DCB440640A9091F894CA54F50	https://androzoo.uni.lu/api/download?apikey=${APIKEY}&sha256=000A62EB439A2B5B0CA148BE5B5981687C95817DCB440640A9091F894CA54F50	5	1112.66666667	0.833333333333	493.0	10699.0	743.166666667	178.166666667	0.0	0.0	769.166666667	0.166666666667	2.16666666667	44763.8333333	64102.0	164.166666667	23541.8333333	0.0	0.0	0.0	13.5	501549056.0	13741.0	921.333333333	50	7200	7100	6750	137.0	0.166666666667	0.0	0.0	1.0	1370.0	0.0	400.833333333	2.0	405.0	330.0	1706.66666667	0.0	8964.16666667	154.333333333	836.833333334	0.0	110.5	0.0	29.3333333333	6452.0	0.0	15.8333333333	35.0	1377.5	0.0	0.0	0.0	0.0	566.0	0.0	893.0	0.0	0.0	0.0	0.0	0.0	0.0	47.1666666667	29.5	0.0	9.66666666667	44.6666666667	0.0	13.6666666667	1299.66666667	18.3333333333	34.5	5119.66666667	64.5	52.8333333333	0.0	62.8333333333	2.0	12.6666666667	0.0	20.0	19497.8333333	0.0	0.0	685.0	279.166666667	10.3333333333	1.0	5801.66666667	2.16666666667	5308.16666667	0.0	0.0	0.0	0.0	119.0	0.0	0.0	0.0	33.3333333333	0.0	0.0	0.0	9.5	9.0	0.0	0.0	342.0	10.5	0.0	0.0	3711.16666666	1.66666666667	12.6666666667	0.0	4357.66666667	0.0	1.5	2594.0	17.5	34481.0	1725.5	0.0	61.2088743884
000B0D8E78879AF0226171EF0D0D0F984CC3FED6EBD21A6A7E38963240DE6485	https://androzoo.uni.lu/api/download?apikey=${APIKEY}&sha256=000B0D8E78879AF0226171EF0D0D0F984CC3FED6EBD21A6A7E38963240DE6485	6	9525.6	0.2	864.2	10087.8	8829.6	297.0	54.2	25.4	188.6	0.2	1.8	97574.6	139434.0	305.6	53612.8	13847.2	1.0	0.0	23.2	540618752.0	19029.2	9206.2	87	10005	10440	8874	333.125	0.0	0.0	1.875	0.0	0.0	0.0	10.875	0.75	16.0	0.0	246.375	0.0	18.75	28.875	0.75	0.0	0.0	0.0	0.0	89.5	0.0	0.0	0.0	160.25	1.5	0.0	0.0	0.0	18.0	0.0	41.0	0.0	0.75	0.0	0.0	0.0	21.875	0.0	0.0	0.0	0.0	2.375	44.25	0.0	83.375	0.0	0.75	1.5	0.0	8.5	0.0	2.875	1.0	10.25	0.0	4.875	246.75	0.0	3.875	0.0	10.375	0.0	0.0	4.0	0.0	24.125	3.125	0.75	1184.75	0.0	16.0	0.0	0.0	0.0	0.0	1.5	0.0	0.0	5.625	11.0	0.0	0.0	245.25	3.375	0.0	1.625	78.75	0.125	7.125	0.0	59.375	0.0	0.0	0.0	0.0	74.0	210.75	2.0	179.083914001
000B304B8F808EDAECF5E09CDA0903E9CACDF754F74DD8811E1AA34E1CF22E94	https://androzoo.uni.lu/api/download?apikey=${APIKEY}&sha256=000B304B8F808EDAECF5E09CDA0903E9CACDF754F74DD8811E1AA34E1CF22E94	7	8870.71428571	10.0	1283.0	18324.8571429	7715.57142857	445.142857143	0.0	0.0	138.0	0.285714285714	21.5714285714	147907.0	189631.428571	473.571428571	76589.5714286	0.0	0.0	0.0	24.4285714286	592853869.714	29555.2857143	8160.71428571	128	19712	18688	18048	53.0	0.0	1.0	0.0	4.0	30.3333333333	0.0	37.1666666667	0.0	6972.66666667	13987.3333333	10816.8333333	4.0	55370.5	1049.33333333	50.6666666667	4.0	849.166666667	0.0	169.333333333	100239.5	0.0	37.0	224.833333333	458.0	0.0	4.0	0.0	0.0	9.0	0.0	413.0	2.0	0.0	0.0	0.0	0.0	0.0	261.5	257.166666667	0.0	1529.0	6.0	0.0	2.0	195.166666667	0.0	9.16666666667	4061.5	223.166666667	82.8333333333	0.0	2348.16666667	4.0	23.0	0.0	26.5	6191.66666667	0.0	0.0	15.1666666667	6712.5	14.8333333333	1.0	31765.5	4.5	718.833333333	0.0	0.0	0.0	0.0	345.833333333	0.0	0.0	5.0	1.0	2.0	0.0	0.0	16.1666666667	4.0	0.0	0.0	7505.0	25.1666666667	0.0	0.0	181.333333334	1.66666666667	23.0	0.0	9167.5	0.0	0.0	7407.5	5.0	29610.1666667	1915.83333333	0.0	222.679651307
000B310CB8A71E55728D383A7B2E1E61F20AA2E91CB4FE4DDB9ED154B3A8B65F	https://androzoo.uni.lu/api/download?apikey=${APIKEY}&sha256=000B310CB8A71E55728D383A7B2E1E61F20AA2E91CB4FE4DDB9ED154B3A8B65F	8	975.333333333	14.6666666667	576.333333333	24611.3333333	215.833333333	59.8333333333	0.0	0.0	87.0	0.333333333333	0.0	42649.6666667	53923.6666667	324.333333333	15356.1666667	0.0	0.0	0.0	15.3333333333	503278250.667	14255.6666667	275.666666667	116	9860	10092	11368	21.5	0.0	0.0	0.0	0.0	25.0	0.0	37.75	1.0	824.75	1291.25	392.0	0.0	794.75	141.5	27.25	0.0	300.75	0.0	102.0	5184.0	0.0	0.25	1.25	91.0	0.0	0.0	0.0	0.0	40.5	0.0	220.0	0.0	0.0	0.0	0.0	0.0	0.0	3.0	0.75	0.0	5.0	5.0	0.0	0.5	66.75	3.0	4.0	809.25	379.25	38.75	0.0	6.75	3.5	8.5	0.0	12.0	1727.75	0.0	0.0	12.5	728.75	1.5	1.0	108.75	1.0	121.25	0.0	0.0	0.0	0.0	45.75	0.0	0.0	0.0	5.0	14.0	0.0	0.0	4.75	0.75	0.0	0.0	532.0	10.25	0.0	0.0	130.0	2.25	8.5	0.0	2966.25	0.0	5.75	45.5	0.5	3439.75	1172.75	0.0	111.630407789
000B454E508A43BFA9C551B3811FEAF9411E5EF91734E120D33B13987A8672B3	https://androzoo.uni.lu/api/download?apikey=${APIKEY}&sha256=000B454E508A43BFA9C551B3811FEAF9411E5EF91734E120D33B13987A8672B3	9	3301.14285714	428.142857143	1131.14285714	17693.8571429	1972.28571429	329.714285714	88.7142857143	5.85714285714	667.142857143	0.285714285714	10.4285714286	105115.714286	162273.428571	534.571428571	73152.8571429	4654.0	1.85714285714	0.0	47.4285714286	595994331.429	35309.7142857	2396.57142857	101	13534	12019	11716	434.142857143	0.0	1.0	0.0	7.0	391.142857143	0.0	233.428571429	4.57142857143	2583.14285714	3664.0	2559.57142857	4.0	19299.7142857	1316.57142857	389.285714286	4.0	387.714285714	0.0	139.142857143	20183.5714286	0.0	18.0	38.1428571429	822.571428571	2.0	4.0	0.0	0.0	353.571428571	0.0	1134.85714286	2.0	1.0	0.0	0.0	0.0	7.0	53.0	46.1428571429	0.0	240.571428571	58.1428571429	29.0	7.0	684.857142857	21.8571428571	67.2857142857	4820.14285714	2561.85714286	272.0	0.0	1249.85714286	23.5714285714	67.7142857143	0.0	91.2857142857	16935.1428571	0.0	1.0	195.571428571	2143.0	33.1428571429	8.71428571429	14851.5714286	2.85714285714	1865.85714286	1.0	1.0	1.0	0.0	233.571428571	0.0	0.0	5.85714285714	45.5714285714	50.2857142857	0.0	0.0	56.8571428571	14.0	0.0	0.0	2708.14285714	86.8571428571	0.0	0.0	1552.0	0.285714285714	66.7142857143	0.0	8428.57142857	0.0	0.571428571429	1683.71428571	10.0	29791.1428571	2389.28571429	0.0	140.907806718
000B60B48D92DF602CAB458F38BD270D86FFCC83050B32E01580E7AC162C3677	https://androzoo.uni.lu/api/download?apikey=${APIKEY}&sha256=000B60B48D92DF602CAB458F38BD270D86FFCC83050B32E01580E7AC162C3677	10	2306.75	0.25	790.5	21981.0	1509.25	215.0	0.25	0.75	112.75	0.5	0.25	81313.75	103751.75	302.25	22389.75	525.25	0.0	0.0	15.5	529525760.0	16848.0	1725.25	110	14630	11110	8030	109.0	0.0	2.0	0.0	1.0	2.0	0.0	30.3333333333	1.0	4471.16666667	7795.16666667	215815.333333	0.0	2949.33333333	171.166666667	3.0	0.0	1632.83333333	0.0	90.3333333333	43280.6666667	0.0	1.0	1.0	400.666666667	0.0	0.0	0.0	0.0	11.1666666667	0.0	250.166666667	0.0	0.0	1.0	0.0	1.0	21.0	5.0	3.0	0.0	8.0	3.0	12.0	5.0	216.5	0.0	1.0	1169.16666667	1.0	46.5	0.0	443.833333333	10.3333333333	20.8333333333	0.0	23.0	6476.66666667	0.0	3.0	0.0	3788.0	2.5	0.0	2512.33333333	1.0	18.0	3.0	0.0	3.0	0.0	58.5	0.0	0.0	0.0	2.0	8.0	0.0	0.0	481.0	13.0	0.0	0.0	3681.5	10.6666666667	0.0	3.0	626.5	0.833333333333	17.8333333333	0.0	2749.66666667	0.0	0.0	0.0	0.0	24438.5	737.166666667	2.0	118.815142903
000BAF428F545571543EEE6BCBB53BFCCA3FBFF39CF61DFBA18FD7AAFB9A8B7F	https://androzoo.uni.lu/api/download?apikey=${APIKEY}&sha256=000BAF428F545571543EEE6BCBB53BFCCA3FBFF39CF61DFBA18FD7AAFB9A8B7F	11	2465.66666667	1.0	1151.5	22405.0	456.333333333	141.5	38.1666666667	7.66666666667	173.666666667	0.666666666667	1.33333333333	94641.8333333	165149.833333	413.666666667	19772.6666667	4996.0	0.0	0.0	18.8333333333	504080384.0	13507.6666667	643.666666667	115	9545	9085	8855	221.428571429	0.0	0.0	0.0	0.0	677.714285714	0.0	1691.85714286	2.42857142857	1173.85714286	1134.71428571	1524.0	0.0	3119.71428571	481.857142857	107.428571429	0.0	399.714285714	0.0	96.0	9025.0	0.0	61.2857142857	63.1428571429	965.142857143	3.71428571429	0.0	0.0	0.0	341.142857143	0.0	1432.14285714	0.0	1.42857142857	0.0	0.0	0.0	10.0	63.2857142857	124.428571429	0.0	17.2857142857	7.14285714286	27.1428571429	0.0	798.857142857	0.0	4.0	2344.57142857	63.1428571429	106.571428571	0.0	14.7142857143	2.28571428571	39.7142857143	0.0	35.2857142857	7460.0	0.0	1.42857142857	338.857142857	705.142857143	6.57142857143	1.0	4583.85714286	3.0	2551.85714286	1.42857142857	1.42857142857	2.0	0.0	139.857142857	0.0	0.0	0.0	0.0	4.0	0.0	0.0	35.0	0.0	0.0	0.0	792.428571429	33.5714285714	0.0	0.0	2184.71428572	0.571428571429	38.2857142857	0.0	9053.42857143	0.0	2.85714285714	376.0	63.1428571429	11855.0	2012.57142857	0.0	131.746864648
000BD4ABB720A91DA73439867D6114FEDAE7198C5FD893B4EC6460262658B2F8	https://androzoo.uni.lu/api/download?apikey=${APIKEY}&sha256=000BD4ABB720A91DA73439867D6114FEDAE7198C5FD893B4EC6460262658B2F8	12	7674.85714286	0.428571428571	3110.28571429	19677.8571429	5245.42857143	1003.57142857	38.0	6.85714285714	139.857142857	2.71428571429	1.0	387975.571429	710060.428571	485.714285714	66146.0	4994.0	0.0	0.0	23.7142857143	602557878.857	33068.4285714	6293.85714286	137	15070	14111	9316	420.444444444	0.0	1.0	0.0	3.0	745.555555556	0.0	2272.44444444	5.33333333333	46841.4444444	30206.2222222	14069.0	2.0	15355.1111111	31325.7777778	105.444444444	2.0	15611.6666667	0.0	171.0	130439.777778	0.0	74.1111111111	79.6666666667	1121.66666667	3.33333333333	2.0	0.0	0.0	394.111111111	0.0	4961.55555556	0.0	1.44444444444	0.0	0.0	0.0	20.1111111111	78.1111111111	151.777777778	0.0	10.0	19.1111111111	27.4444444444	0.0	999.0	0.0	18.0	1410.66666667	77.6666666667	74.0	0.0	19450.0	3.11111111111	55.6666666667	0.0	12.8888888889	6389.77777778	0.0	1.44444444444	372.777777778	15509.6666667	7.66666666667	1.0	324126.555556	18.1111111111	2792.88888889	1.44444444444	1.44444444444	2.0	0.0	574.222222222	0.0	0.0	0.0	11.0	4.0	0.0	0.0	52.0	5.0	0.0	0.0	4438.77777778	43.5555555556	0.0	1.0	2602.88888889	1.11111111111	54.2222222222	0.0	90365.0	0.0	0.0	310.0	78.6666666667	62463.6666667	7489.33333333	0.0	255.1704042
000C0236815D2C373993B7BB70551C2B3C8A68A70B95549FC7EDA5E0869ADE5E	https://androzoo.uni.lu/api/download?apikey=${APIKEY}&sha256=000C0236815D2C373993B7BB70551C2B3C8A68A70B95549FC7EDA5E0869ADE5E	13	710.4	2.8	370.8	16320.0	164.6	32.8	0.0	0.0	57.6	0.0	0.2	26465.6	34781.8	229.6	19360.4	0.0	0.0	0.0	17.0	510610636.8	13899.6	197.4	71	9159	8165	6106	33.8888888889	0.111111111111	4.0	0.0	3.0	14.0	0.0	112.888888889	0.0	243.111111111	181.888888889	150.444444444	2.0	523.444444444	143.0	23.0	2.0	70.3333333333	0.0	50.1111111111	824.333333333	0.0	16.0	0.0	108.555555556	0.222222222222	2.0	0.0	0.0	13.6666666667	0.0	88.4444444444	1.0	0.0	0.0	0.0	0.0	0.0	5.77777777778	21.0	0.0	8.88888888889	12.0	0.0	0.0	76.0	8.11111111111	7.0	1272.11111111	8.0	55.0	0.0	7.88888888889	6.0	26.2222222222	0.0	9.77777777778	1144.88888889	0.0	0.0	7.0	139.777777778	1.66666666667	1.0	155.0	2.0	91.1111111111	0.0	0.0	0.0	0.0	46.5555555556	0.0	0.0	0.0	7.0	8.0	0.0	0.0	24.7777777778	3.0	0.0	0.0	152.666666667	29.7777777778	0.0	0.0	91.3333333333	1.22222222222	26.2222222222	0.0	436.888888889	0.0	0.0	35.0	9.0	2207.77777778	358.777777778	0.0	66.3456507663
000C14181CED2DA89BC8204A13C2DA9439C5C0BCF8B492AA83A5DA8848D9FCA7	https://androzoo.uni.lu/api/download?apikey=${APIKEY}&sha256=000C14181CED2DA89BC8204A13C2DA9439C5C0BCF8B492AA83A5DA8848D9FCA7	14	1724.28571429	1.85714285714	606.0	18643.5714286	1055.42857143	185.285714286	0.0	0.0	66.4285714286	0.285714285714	2.28571428571	44546.7142857	53537.4285714	285.142857143	110733.285714	0.0	0.0	0.0	21.7142857143	523571785.143	13495.7142857	1240.71428571	90	14760	15660	16380	47.5	0.0	1.0	0.0	4.0	29.0	0.0	16.5	0.0	1109.75	1827.75	1023.0	4.0	9221.5	293.5	40.0	4.0	258.75	0.0	56.0	9643.5	0.0	5.0	12.75	107.25	0.0	4.0	0.0	0.0	8.75	0.0	370.75	2.0	0.0	0.0	0.0	0.0	0.0	18.25	18.75	0.0	116.0	2.0	0.0	0.0	92.5	0.0	6.25	1353.25	12.75	43.0	0.0	680.75	3.0	18.5	0.0	7.0	1871.25	0.0	0.0	14.5	1013.5	5.75	1.0	3573.0	1.0	247.0	0.0	0.0	0.0	0.0	23.25	0.0	0.0	5.0	0.0	2.0	0.0	0.0	11.5	4.0	0.0	0.0	996.0	13.5	0.0	0.0	121.75	1.75	18.5	0.0	1698.25	0.0	7.5	506.5	1.0	5748.25	625.25	0.0	105.222413663
000C155F7687FD17A8A1CC1F6BA856AC114F65A6CF996AE27AA96AF2A5F8DE19	https://androzoo.uni.lu/api/download?apikey=${APIKEY}&sha256=000C155F7687FD17A8A1CC1F6BA856AC114F65A6CF996AE27AA96AF2A5F8DE19	15	768.0	0.5	381.0	18616.75	231.75	27.0	0.0	0.0	79.0	0.5	0.0	27716.0	40356.25	213.75	13871.0	0.0	0.0	0.0	9.25	477536256.0	8304.25	258.75	84	5376	6552	6888	3.0	0.0	0.0	0.0	0.0	0.0	0.0	22.8571428571	0.0	315.0	391.428571429	207.714285714	0.0	354.0	80.8571428571	2.0	0.0	215.285714286	0.0	86.0	2105.42857143	0.0	0.0	0.0	27.7142857143	0.0	0.0	0.0	0.0	5.14285714286	0.0	29.7142857143	0.0	0.0	0.0	0.0	0.0	0.0	2.0	0.0	0.0	4.0	3.0	0.0	0.0	11.7142857143	0.0	1.0	264.285714286	0.0	40.5714285714	0.0	5.0	1.0	5.14285714286	0.0	10.0	745.0	0.0	0.0	0.0	262.142857143	0.285714285714	0.0	2.0	1.0	7.0	0.0	0.0	0.0	0.0	43.5714285714	0.0	0.0	0.0	1.0	0.0	0.0	0.0	5.0	0.0	0.0	0.0	329.142857143	5.0	0.0	0.0	22.7142857143	1.57142857143	5.14285714286	0.0	970.428571429	0.0	0.0	0.0	0.0	1660.14285714	42.1428571429	0.0	72.5773425602
000C37A4F81446A98404CE8BDF8B9AD409886598A48A05D38403A3FDFA91A5DB	https://androzoo.uni.lu/api/download?apikey=${APIKEY}&sha256=000C37A4F81446A98404CE8BDF8B9AD409886598A48A05D38403A3FDFA91A5DB	16	946.2	4.4	576.2	13669.0	200.4	72.8	0.2	2.4	58.0	0.4	1.0	38605.0	61964.6	244.4	17009.0	1464.0	0.0	0.0	20.4	520111718.4	13879.6	275.8	60	2280	2280	2280	132.0	0.0	0.0	0.0	2.75	26.25	0.0	84.625	3.0	725.0	736.125	423.125	3.25	3249.375	249.125	43.5	3.25	143.375	0.0	48.25	3752.125	0.0	3.0	3.0	167.25	2.0	3.25	0.0	0.0	29.25	0.0	624.375	1.625	1.0	0.0	0.0	0.0	7.0	6.0	4.625	0.0	30.625	3.5	13.0	0.0	139.375	0.0	10.25	990.375	2.0	68.875	0.0	96.0	4.5	21.375	0.0	28.125	3153.125	0.0	1.0	13.125	527.375	8.5	0.625	643.375	1.625	252.625	1.0	1.0	1.0	0.0	28.625	0.0	0.0	3.0	0.0	2.0	0.0	0.0	14.125	2.75	0.0	0.0	465.75	16.125	0.0	0.0	162.375	1.25	20.125	0.0	4152.25	0.0	0.0	127.375	1.625	5707.375	1221.625	0.0	56.7706035716
000C3DF36F3CC5D0E538E1067B95023BB3CC9239F7F44303D71CBED80CFA12D6	https://androzoo.uni.lu/api/download?apikey=${APIKEY}&sha256=000C3DF36F3CC5D0E538E1067B95023BB3CC9239F7F44303D71CBED80CFA12D6	17	1223.125	3.625	711.75	20856.25	373.125	121.75	0.0	0.0	66.25	0.75	0.125	46289.25	73682.375	312.0	14825.875	0.0	0.0	0.0	21.25	528143872.0	11771.0	494.875	98	17542	17738	17836	55.8888888889	0.0	0.0	0.0	0.0	52.0	0.0	73.2222222222	2.0	1037.0	1027.33333333	654.555555555	0.0	3809.88888889	346.333333333	16.8888888889	0.0	367.666666667	0.0	79.3333333333	7890.11111111	0.0	0.0	0.0	169.666666667	0.0	0.0	0.0	0.0	31.0	0.0	833.555555556	0.0	0.0	0.0	0.0	0.0	0.0	1.77777777778	0.0	0.0	15.7777777778	4.66666666667	0.0	0.0	100.888888889	0.0	1.0	2495.22222222	0.0	112.0	0.0	34.4444444444	2.77777777778	24.5555555556	0.0	43.2222222222	8221.0	0.0	0.0	26.0	853.777777778	8.55555555556	1.0	201.0	5.55555555556	212.777777778	0.0	0.0	0.0	0.0	54.0	0.0	0.0	0.0	0.0	0.0	0.0	0.0	14.3333333333	0.0	0.0	0.0	737.111111111	33.4444444444	0.0	0.0	185.222222222	1.11111111111	24.4444444444	0.0	6821.33333333	0.0	7.77777777778	29.0	0.0	14354.3333333	1452.0	0.0	107.418873472
000C4F23322ECDD3D12FD2440EBFA11CDCE248DDE082362433D41E7E9BBCF627	https://androzoo.uni.lu/api/download?apikey=${APIKEY}&sha256=000C4F23322ECDD3D12FD2440EBFA11CDCE248DDE082362433D41E7E9BBCF627	18	943.875	1.0	530.625	19963.375	129.875	48.25	0.0	0.0	28.625	0.875	0.0	36300.0	53659.25	310.875	8486.75	0.0	0.0	0.0	14.625	495058944.0	9736.0	178.125	92	16008	16560	16100	6.42857142857	0.0	0.0	0.0	2.0	0.0	0.0	9.85714285714	1.0	750.714285714	890.714285714	317.285714286	0.0	962.714285714	241.142857143	0.0	0.0	325.571428571	0.0	94.0	4430.14285714	0.0	0.0	0.0	61.7142857143	0.0	0.0	0.0	0.0	2.71428571429	0.0	363.285714286	0.0	0.0	0.0	0.0	0.0	0.0	0.857142857143	0.0	0.0	12.8571428571	0.0	0.0	0.0	13.1428571429	0.0	0.0	699.857142857	0.0	34.8571428571	0.0	4.28571428571	0.0	9.57142857143	0.0	23.7142857143	2053.71428571	0.0	0.0	0.0	555.428571429	2.85714285714	0.0	0.0	1.0	12.5714285714	0.0	0.0	0.0	0.0	7.28571428571	0.0	0.0	0.0	0.0	0.0	0.0	0.0	6.0	2.0	0.0	0.0	533.0	8.0	0.0	0.0	8.85714285715	1.0	9.57142857143	0.0	3822.71428571	0.0	2.28571428571	0.0	0.0	3867.71428571	653.714285714	0.0	97.2498665813
000C5A8A35C55183A4718192E328E68B44D5457AA99E37F39B2B1AA16644E8FD	https://androzoo.uni.lu/api/download?apikey=${APIKEY}&sha256=000C5A8A35C55183A4718192E328E68B44D5457AA99E37F39B2B1AA16644E8FD	19	3644.0	0.5	1338.0	12877.8333333	2456.0	109.5	0.0	0.0	29.1666666667	2.16666666667	0.0	110525.5	219707.0	249.833333333	17359.6666667	0.0	0.0	0.0	13.3333333333	490691242.667	9728.0	2565.5	74	4070	5550	9472	26.2222222222	0.0	4.44444444444	0.0	0.0	0.0	0.0	95.2222222222	0.0	276.0	218.222222222	652.666666666	0.0	1427.66666667	135.444444444	0.0	0.0	132.333333333	0.0	85.3333333333	20197.4444444	0.0	17.7777777778	0.0	110.333333333	0.222222222222	0.0	0.0	0.0	3.66666666667	0.0	295.666666667	0.0	0.0	0.0	0.0	0.0	0.0	6.22222222222	22.2222222222	0.0	10.6666666667	0.222222222222	0.0	0.0	49.6666666667	8.88888888889	0.0	1801.44444444	8.88888888889	56.2222222222	0.0	34.1111111111	2.11111111111	13.7777777778	0.0	27.5555555556	3370.33333333	0.0	0.0	0.0	162.888888889	3.22222222222	0.0	14.5555555556	5.33333333333	14.4444444444	0.0	0.0	0.0	0.0	405.777777778	0.0	0.0	0.0	0.0	0.0	0.0	0.0	11.5555555556	0.0	0.0	0.0	208.111111111	11.4444444444	0.0	0.0	16.5555555555	0.888888888889	13.7777777778	0.0	15066.5555556	0.0	2.22222222222	0.0	8.88888888889	5569.44444444	361.666666667	0.0	115.86911112
000C5FF9EB3321CD6E439CEA102B6E4B5780F53FFAFF25F47E1E6AC3A93BCCA8	https://androzoo.uni.lu/api/download?apikey=${APIKEY}&sha256=000C5FF9EB3321CD6E439CEA102B6E4B5780F53FFAFF25F47E1E6AC3A93BCCA8	20	1045.125	1.625	529.875	16813.0	303.5	76.875	0.0	0.0	77.375	0.5	1.25	38651.75	56953.625	316.0	24400.375	141.75	0.0	0.0	14.0	491527168.0	8475.125	380.375	76	13604	13528	13300	0.0	0.0	0.0	0.0	0.0	0.0	0.0	0.0	0.0	0.0	0.0	0.0	0.0	0.0	0.0	0.0	0.0	0.0	0.0	0.0	0.0	0.0	0.0	0.0	0.0	0.0	0.0	0.0	0.0	0.0	0.0	0.0	0.0	0.0	0.0	0.0	0.0	0.0	0.0	0.0	0.0	0.0	0.0	0.0	0.0	0.0	0.0	0.0	0.0	0.0	0.0	0.0	0.0	0.0	0.0	0.0	0.0	0.0	0.0	0.0	0.0	0.0	0.0	0.0	0.0	0.0	0.0	0.0	0.0	0.0	0.0	0.0	0.0	0.0	0.0	0.0	0.0	0.0	0.0	0.0	0.0	0.0	0.0	0.0	0.0	0.0	0.0	0.0	0.0	0.0	0.0	0.0	0.0	0.0	0.0	0.0	0.0	0.0	0.0	84.6124258908
000C608734CBBDC7CBDDE1552EDC0E6CDAA096E52347B611A10DFDF6631B2BAB	https://androzoo.uni.lu/api/download?apikey=${APIKEY}&sha256=000C608734CBBDC7CBDDE1552EDC0E6CDAA096E52347B611A10DFDF6631B2BAB	21	1716.0	11.5714285714	695.428571429	16114.5714286	942.571428571	88.7142857143	0.0	0.0	31.8571428571	0.857142857143	0.285714285714	57626.8571429	87533.8571429	253.571428571	14844.5714286	0.0	0.0	0.0	10.1428571429	487068233.143	8542.14285714	1031.28571429	77	3080	3927	4235	33.4444444444	0.111111111111	0.0	0.0	0.333333333333	16.0	0.0	250.555555556	0.0	2096.33333333	3459.88888889	1005.44444444	0.222222222222	1866.88888889	90.1111111111	10.7777777778	0.222222222222	1335.88888889	0.0	108.555555556	16574.7777778	0.0	2.66666666667	15.8888888889	81.6666666667	0.0	0.222222222222	0.0	0.0	14.7777777778	0.0	84.8888888889	0.111111111111	0.0	0.0	0.0	0.0	0.0	12.6666666667	14.4444444444	0.0	5.44444444444	8.55555555556	0.0	10.7777777778	47.2222222222	0.0	4.77777777778	1427.11111111	16.5555555556	42.3333333333	0.0	4.33333333333	1.22222222222	14.8888888889	0.0	12.7777777778	3928.77777778	0.0	0.0	8.0	2037.55555556	1.11111111111	0.111111111111	129.111111111	2.33333333333	105.555555556	0.0	0.0	0.0	0.0	18.7777777778	0.0	0.0	0.0	4.77777777778	0.222222222222	0.0	0.0	14.4444444444	0.333333333333	0.0	0.0	1521.44444444	17.4444444444	0.0	0.0	120.333333333	1.22222222222	14.8888888889	0.0	5144.66666667	0.0	0.0	7.11111111111	11.7777777778	6373.66666667	202.888888889	0.0	80.351998509
000C83EC0E34270ED3C23E5606EE07427B6CFEE658F80D6846990D4F60B6DBC0	https://androzoo.uni.lu/api/download?apikey=${APIKEY}&sha256=000C83EC0E34270ED3C23E5606EE07427B6CFEE658F80D6846990D4F60B6DBC0	22	1807.2	3.6	759.2	24823.4	923.0	207.0	0.0	0.0	117.0	0.0	7.2	57085.8	80869.4	407.4	44743.2	0.0	0.0	0.0	26.2	570171392.0	25452.6	1130.0	122	16348	15982	15860	423.8	0.0	0.0	0.0	2.6	89.6	0.0	81.1	2.9	3084.8	4903.1	3986.6	3.2	30286.0	857.8	163.3	3.2	446.2	0.0	98.4	29990.7	0.0	13.1	61.5	329.0	0.0	3.2	0.0	0.0	37.0	0.0	938.9	1.6	0.0	0.0	0.0	0.0	0.0	83.9	52.3	0.0	284.0	6.1	0.0	22.9	299.2	0.0	38.5	5119.7	59.7	51.5	0.0	1925.2	6.6	28.3	0.0	39.0	11457.8	0.0	0.0	44.8	2941.4	10.3	0.5	21883.1	2.5	779.4	0.0	0.0	0.0	0.0	183.1	0.0	0.0	7.8	0.0	2.0	0.0	0.0	18.0	2.6	0.0	0.0	2032.4	21.7	0.0	0.0	428.4	1.1	28.1	0.0	6851.2	0.0	0.8	3504.9	23.5	26869.7	2362.0	0.0	128.331211594
000C8CDAA4EA6CEF6B1E7BCEF488C80084BD711281CD2A8C7529A6C7F5930D60	https://androzoo.uni.lu/api/download?apikey=${APIKEY}&sha256=000C8CDAA4EA6CEF6B1E7BCEF488C80084BD711281CD2A8C7529A6C7F5930D60	23	742.8	1.0	446.6	18409.6	270.6	76.0	0.0	0.0	56.0	0.2	0.0	30084.2	40558.0	206.8	17558.4	0.0	0.0	0.0	18.8	527902310.4	13995.4	346.6	83	15189	15106	14857	179.0	0.0	0.0	0.0	4.0	14.0	0.0	27.0	3.0	629.5	738.25	302.25	4.0	826.25	165.75	15.0	4.0	173.25	0.0	61.0	3011.25	0.0	0.0	0.0	181.0	0.0	4.0	0.0	0.0	11.0	0.0	659.5	2.0	0.0	0.0	0.0	0.0	0.0	2.0	1.0	0.0	17.0	2.0	0.0	0.0	131.0	0.0	2.0	1528.25	0.0	73.5	0.0	7.5	2.0	20.75	0.0	34.0	1772.75	0.0	0.0	7.0	520.0	6.0	1.0	595.5	1.0	99.0	0.0	0.0	0.0	0.0	13.25	0.0	0.0	0.0	0.0	2.0	0.0	0.0	10.75	4.0	0.0	0.0	439.25	15.75	0.0	0.0	64.0	1.5	20.75	0.0	4359.75	0.0	0.0	35.0	1.0	4647.25	1621.5	0.0	88.515959786
000C97B45C10A06DCB52F14E0656230E016A872CB5D5E34CF84D5FDC8E03C82C	https://androzoo.uni.lu/api/download?apikey=${APIKEY}&sha256=000C97B45C10A06DCB52F14E0656230E016A872CB5D5E34CF84D5FDC8E03C82C	24	1683.85714286	34.1428571429	993.0	27750.1428571	673.857142857	201.714285714	0.0	0.0	153.285714286	1.42857142857	3.57142857143	84930.0	128630.428571	418.571428571	28582.0	0.0	0.0	0.0	27.2857142857	543569042.286	19753.4285714	875.571428571	137	22742	22879	21920	60.6666666667	0.0	0.0	0.0	4.66666666667	52.0	0.0	135.222222222	3.22222222222	2307.22222222	3450.88888889	2150.22222223	4.0	5527.88888889	365.888888889	54.0	4.0	836.888888889	0.0	153.777777778	16887.6666667	0.0	12.4444444444	33.5555555556	220.222222222	0.0	4.0	0.0	0.0	41.2222222222	0.0	1082.0	2.0	0.0	0.0	0.0	0.0	0.666666666667	37.4444444444	35.8888888889	0.0	80.4444444444	4.66666666667	0.0	11.1111111111	144.888888889	0.0	8.77777777778	3471.22222222	32.8888888889	118.333333333	0.0	1563.22222222	3.66666666667	34.3333333333	0.0	34.5555555556	10274.6666667	0.0	0.0	26.0	2068.11111111	11.1111111111	1.0	2703.33333333	2.0	402.666666667	0.0	0.0	0.0	0.0	88.2222222222	0.0	0.0	4.0	0.0	12.2222222222	0.0	0.0	23.3333333333	4.66666666667	0.0	0.0	6939.33333333	39.6666666667	0.0	0.0	299.222222222	1.66666666667	34.3333333333	0.0	10634.3333333	0.0	0.222222222222	283.888888889	12.1111111111	19497.4444444	1901.77777778	0.0	153.026289028
000C9DE762569E97ACDD45480DC7878841248E4D0CBF432EA94B3FC21A4CA1E8	https://androzoo.uni.lu/api/download?apikey=${APIKEY}&sha256=000C9DE762569E97ACDD45480DC7878841248E4D0CBF432EA94B3FC21A4CA1E8	25	1254.4	1.1	739.3	27411.5	366.2	126.8	0.0	0.0	58.1	0.5	5.8	58181.3	77561.4	374.5	20899.4	0.0	0.0	0.0	19.9	522670489.6	16487.6	493.0	132	6072	12672	16104	473.666666667	0.111111111111	0.0	0.0	0.0	16.0	0.0	42.8888888889	2.0	2077.77777778	3095.55555556	2538.22222223	0.0	2870.0	205.111111111	16.0	0.0	1084.66666667	0.0	136.111111111	13004.0	0.0	2.33333333333	10.0	160.444444444	0.0	0.0	0.0	0.0	32.5555555556	0.0	482.111111111	0.0	0.0	0.0	0.0	0.0	0.0	62.6666666667	7.33333333333	0.0	8.77777777778	4.0	0.0	5.0	136.0	0.0	1.0	2120.44444444	21.1111111111	73.0	0.0	10.1111111111	3.0	21.3333333333	0.0	46.6666666667	6224.44444444	0.0	0.0	8.0	1932.77777778	4.22222222222	1.0	197.444444444	2.88888888889	106.111111111	0.0	0.0	0.0	0.0	54.8888888889	0.0	0.0	0.0	0.0	0.0	0.0	0.0	13.7777777778	0.0	0.0	0.0	1217.22222222	13.7777777778	0.0	0.0	193.777777777	1.55555555556	21.3333333333	0.0	4979.66666667	0.0	7.22222222222	29.0	5.0	10544.0	966.0	0.0	124.386204877
000CAE558FC4B0781E54AE22113A4E0562207D930A286F222365B69C86FE7A8B	https://androzoo.uni.lu/api/download?apikey=${APIKEY}&sha256=000CAE558FC4B0781E54AE22113A4E0562207D930A286F222365B69C86FE7A8B	26	661.833333333	0.5	374.5	25120.0	130.5	25.5	0.0	0.0	53.8333333333	0.666666666667	0.166666666667	33246.5	34456.8333333	262.666666667	11144.0	0.0	0.0	0.0	15.3333333333	487503872.0	8298.66666667	156.0	115	7705	7820	7705	23.0	0.0	0.0	0.0	0.0	0.0	0.0	26.6666666667	0.0	337.5	502.666666667	123.0	0.0	730.5	88.0	0.0	0.0	145.333333333	0.0	134.0	1417.66666667	0.0	2.0	4.0	32.1666666667	0.0	0.0	0.0	0.0	1.0	0.0	58.1666666667	0.0	0.0	0.0	0.0	0.0	0.0	14.0	4.0	0.0	4.0	0.0	0.0	2.0	20.1666666667	0.0	0.0	643.833333333	4.0	28.5	0.0	17.5	0.0	12.0	0.0	7.0	1618.16666667	0.0	0.0	0.0	267.833333333	5.5	0.0	11.3333333333	1.33333333333	17.0	0.0	0.0	0.0	0.0	49.0	0.0	0.0	0.0	0.0	0.0	0.0	0.0	10.8333333333	0.0	0.0	0.0	127.666666667	10.8333333333	0.0	0.0	7.16666666667	1.5	12.0	0.0	289.833333333	0.0	0.0	0.0	2.0	3166.16666667	97.1666666667	0.0	87.3166942924
000CBA6F2E0823734AF43A774B56D7DC83B0DA31E79B3111F1D203027A3BC2C8	https://androzoo.uni.lu/api/download?apikey=${APIKEY}&sha256=000CBA6F2E0823734AF43A774B56D7DC83B0DA31E79B3111F1D203027A3BC2C8	27	1279.42857143	33.4285714286	637.142857143	25500.1428571	775.857142857	157.714285714	0.571428571429	2.42857142857	453.0	0.428571428571	1.85714285714	54342.5714286	74419.1428571	250.0	28925.1428571	800.428571429	0.0	0.0	17.0	496730112.0	11003.7142857	936.571428571	124	19220	18104	16244	69.1428571429	0.142857142857	0.0	0.0	1.0	3096.85714286	0.0	81.1428571429	0.0	1912.42857143	605.714285714	4665.0	0.0	3928.85714286	1573.28571429	532.571428571	0.0	231.714285714	0.0	99.4285714286	5938.71428571	0.0	13.1428571429	18.8571428571	2371.71428571	0.0	0.0	0.0	0.0	1522.28571429	0.0	491.857142857	0.0	0.0	0.0	0.0	0.0	14.0	26.5714285714	15.1428571429	0.0	13.0	38.7142857143	274.285714286	2.0	2209.57142857	358.714285714	21.0	2426.71428571	10.7142857143	95.1428571429	0.0	57.2857142857	2.0	40.0	0.0	29.0	8589.42857143	0.0	2.0	1123.42857143	596.428571429	8.71428571429	0.142857142857	9804.71428571	2.57142857143	11606.7142857	2.0	0.0	2.0	0.0	182.142857143	0.0	0.0	0.0	21.0	23.4285714286	0.0	0.0	36.8571428571	9.0	0.0	0.0	542.428571429	44.7142857143	0.0	2.0	9376.42857143	1.85714285714	38.0	0.0	4026.71428571	0.0	0.0	1320.14285714	9.42857142857	14232.7142857	647.285714286	0.0	128.680269625
000CD309BFCA9D221F79747C67143DF7D2DF83632CDBE73F895C0935123CC4BF	https://androzoo.uni.lu/api/download?apikey=${APIKEY}&sha256=000CD309BFCA9D221F79747C67143DF7D2DF83632CDBE73F895C0935123CC4BF	28	2089.71428571	4.0	1120.0	28045.0	745.714285714	174.428571429	0.0	0.0	113.428571429	0.571428571429	20.1428571429	109255.428571	140184.285714	587.714285714	44160.1428571	0.0	0.0	0.0	19.2857142857	497706130.286	9791.71428571	920.142857143	141	28200	28341	28341	28.125	0.25	0.0	0.0	0.0	247.0	0.0	1723.0	0.0	1885.125	1020.125	1242.75	0.0	4081.875	1288.5	69.875	0.0	606.875	0.0	343.0	7280.25	0.0	75.75	288.75	1063.0	0.0	0.0	0.0	0.0	161.625	0.0	497.75	0.0	0.0	0.0	0.0	0.0	0.0	258.625	368.625	0.0	23.25	6.0	0.0	157.875	607.75	3.0	0.0	2784.625	525.375	303.75	0.0	37.75	3.0	125.0	1.0	43.125	8851.5	0.0	0.0	123.5	810.0	13.875	1.0	2113.25	7.625	1498.25	0.0	0.0	0.0	0.0	278.125	0.0	0.0	0.0	0.0	262.5	0.0	0.0	120.0	1.0	0.0	0.0	818.25	120.0	0.0	0.0	1678.875	0.125	125.0	0.0	3988.875	0.0	0.0	151.125	172.875	17735.5	586.0	0.0	189.364471405
000CD3F825213086ED69C15B4B24B45A1BF55807E354676CCB6398FFAA53696B	https://androzoo.uni.lu/api/download?apikey=${APIKEY}&sha256=000CD3F825213086ED69C15B4B24B45A1BF55807E354676CCB6398FFAA53696B	29	2309.5	1.0	1786.83333333	17635.5	1076.16666667	281.5	0.0	0.166666666667	79.6666666667	1.66666666667	34.1666666667	175459.833333	263712.0	306.833333333	27434.6666667	53.6666666667	0.0	0.0	24.6666666667	530497536.0	13485.3333333	1357.83333333	93	9300	9579	8742	2158.75	0.0	0.0	0.0	1.0	16.0	0.0	68.75	13.75	909.5	773.0	2618.25	0.0	1321.5	486.0	16.75	0.0	1293.0	0.0	124.0	32704.5	0.0	11.0	5.0	178.0	0.0	0.0	0.0	0.0	24.0	0.0	1200.25	0.0	0.0	0.0	0.0	4.0	6.25	10.0	16.0	0.0	4.0	6.25	0.0	2010.0	91.5	13.75	2.0	1028.5	5.0	62.75	0.0	151.25	10.5	28.25	1.0	20.0	3205.0	0.0	0.75	8.0	476.25	3.5	1.0	9018.75	4.5	94.5	0.75	0.0	0.75	0.0	267.5	0.0	0.0	0.0	2.0	0.0	0.0	0.0	18.25	3.0	0.0	0.0	2728.75	18.25	0.0	0.75	205.0	1.0	27.5	0.0	25090.0	0.0	0.0	31.0	1.0	7568.0	2377.75	0.0	126.12567755
000CE95F2243A4C8A82614F8901454EF8E43C814FED4D4FE28BE0B606A828688	https://androzoo.uni.lu/api/download?apikey=${APIKEY}&sha256=000CE95F2243A4C8A82614F8901454EF8E43C814FED4D4FE28BE0B606A828688	30	2599.83333333	0.833333333333	1446.5	16853.1666667	816.666666667	197.5	42.1666666667	10.6666666667	118.5	2.5	0.166666666667	123811.666667	220938.333333	344.166666667	25872.8333333	8076.0	0.0	0.0	28.0	535847594.667	15013.6666667	1067.0	90	7650	6570	6210	356.714285714	0.142857142857	0.0	2.42857142857	0.0	0.0	0.0	19.4285714286	2.0	26.0	2.85714285714	364.285714286	0.0	27.0	49.4285714286	2.0	0.0	0.0	0.0	0.0	139.285714286	0.0	0.0	0.0	307.857142857	4.0	0.0	0.0	0.0	37.0	0.0	89.0	0.0	2.0	0.0	0.0	0.0	42.0	0.0	0.0	0.0	0.0	5.0	55.0	0.0	186.0	0.0	2.0	19.0	0.0	10.4285714286	0.0	3.71428571429	3.0	18.8571428571	0.0	9.0	2011.0	0.0	7.0	0.0	21.7142857143	0.0	0.0	10.0	0.0	59.0	6.0	2.0	1021.42857143	0.0	14.2857142857	0.0	0.0	0.0	0.0	4.0	0.0	0.0	11.8571428571	18.0	0.0	0.0	157.857142857	7.85714285714	0.0	3.0	167.571428571	0.142857142857	12.8571428571	0.0	128.428571429	0.0	0.0	0.0	0.0	175.428571429	445.714285714	4.0	120.851500163
000CFC559603FDE18E8DE0F9B763006F8A843502C70F0D214B1C45DB912A42EF	https://androzoo.uni.lu/api/download?apikey=${APIKEY}&sha256=000CFC559603FDE18E8DE0F9B763006F8A843502C70F0D214B1C45DB912A42EF	31	679.2	0.6	399.6	16930.0	77.6	29.6	0.0	0.0	33.6	0.8	0.0	30452.2	36903.2	242.2	6845.6	0.0	0.0	0.0	9.2	485652889.6	8258.8	107.2	75	13875	14475	15000	1.25	0.0	0.0	0.0	0.0	0.0	0.0	2.75	1.0	436.0	677.25	214.0	0.0	385.25	66.5	0.0	0.0	239.5	0.0	100.0	2747.5	0.0	0.0	0.0	10.75	0.0	0.0	0.0	0.0	1.0	0.0	123.0	0.0	0.0	0.0	0.0	0.0	0.0	0.0	0.0	0.0	0.0	0.0	0.0	0.0	5.25	0.0	0.0	286.75	0.0	9.75	0.0	3.0	0.0	2.75	0.0	2.75	800.0	0.0	0.0	0.0	387.5	0.5	0.0	0.0	1.0	1.0	0.0	0.0	0.0	0.0	2.0	0.0	0.0	0.0	0.0	0.0	0.0	0.0	0.75	0.0	0.0	0.0	352.25	0.75	0.0	0.0	2.75	1.0	2.75	0.0	1694.0	0.0	0.0	0.0	0.0	1474.5	240.25	0.0	78.9484935874
000D2597D8C1E00185F2D2957F11D87F60BADA12978333C20EEBB1462D0ADC37	https://androzoo.uni.lu/api/download?apikey=${APIKEY}&sha256=000D2597D8C1E00185F2D2957F11D87F60BADA12978333C20EEBB1462D0ADC37	32	950.0	12.75	562.125	16253.625	351.75	102.25	0.0	0.0	60.25	0.25	0.25	44427.5	63751.0	223.125	25311.5	0.0	0.0	0.0	18.0	512813568.0	18526.125	454.0	74	9842	10138	10582	45.0	0.0	0.0	0.0	0.0	0.0	0.0	160.0	2.0	784.666666667	945.333333333	575.833333334	0.0	2446.16666667	204.833333333	14.0	0.0	381.333333333	0.0	75.0	5426.16666667	0.0	2.0	4.0	176.166666667	0.0	0.0	0.0	0.0	27.0	0.0	832.166666667	0.0	0.0	0.0	0.0	0.0	0.0	21.0	14.0	0.0	18.0	15.0	0.0	2.0	88.8333333333	0.0	13.0	1944.16666667	12.0	123.166666667	0.0	830.333333333	1.0	20.0	0.0	40.0	5141.5	0.0	0.0	0.0	646.833333333	3.5	0.0	57.0	3.0	25.0	0.0	0.0	0.0	0.0	136.666666667	0.0	0.0	0.0	12.0	22.0	0.0	0.0	15.0	0.0	0.0	0.0	755.666666667	23.0	0.0	0.0	141.5	2.66666666667	20.0	0.0	6299.66666667	0.0	4.0	0.0	2.0	9335.83333333	1142.0	0.0	78.2008999514
000D335D6914C6F97627F18A9E32615D20C4BDE511E321097379CD501F1E4CA6	https://androzoo.uni.lu/api/download?apikey=${APIKEY}&sha256=000D335D6914C6F97627F18A9E32615D20C4BDE511E321097379CD501F1E4CA6	33	1080.83333333	0.5	566.833333333	19595.3333333	317.333333333	72.5	0.0	0.0	33.1666666667	0.333333333333	0.333333333333	34355.5	49392.8333333	267.833333333	37141.0	0.0	0.0	0.0	9.83333333333	477943125.333	10747.8333333	389.833333333	91	14014	13650	12922	3.0	0.0	0.0	0.0	0.0	0.0	0.0	49.4285714286	0.0	463.285714286	480.0	287.0	0.0	946.0	153.0	0.0	0.0	176.0	0.0	57.0	2804.42857143	0.0	2.0	2.0	79.2857142857	0.0	0.0	0.0	0.0	1.0	0.0	203.285714286	0.0	0.0	0.0	0.0	0.0	0.0	4.0	2.0	0.0	12.0	0.0	0.0	0.0	11.0	0.0	0.0	987.857142857	1.0	108.571428571	0.0	6.14285714286	0.0	3.14285714286	0.0	36.1428571429	2015.28571429	0.0	0.0	0.0	356.0	2.71428571429	0.0	11.0	2.0	13.0	0.0	0.0	0.0	0.0	99.8571428571	0.0	0.0	0.0	0.0	0.0	0.0	0.0	2.0	0.0	0.0	0.0	404.857142857	2.0	0.0	0.0	19.7142857143	1.85714285714	3.14285714286	0.0	1225.57142857	0.0	0.0	0.0	1.0	3851.71428571	226.0	0.0	97.7211645314
000D64890D4A966E390E5A1D98279AB8A7B9B3A5BFFCC2BA6030987B97AEAD67	https://androzoo.uni.lu/api/download?apikey=${APIKEY}&sha256=000D64890D4A966E390E5A1D98279AB8A7B9B3A5BFFCC2BA6030987B97AEAD67	34	874.25	1.125	502.625	13577.0	382.75	98.625	0.0	0.0	310.75	0.375	0.25	34565.5	50843.625	206.625	17437.25	0.0	0.0	0.0	25.25	515151360.0	11538.125	481.375	60	10200	9960	10020	67.0	0.0	0.0	0.0	0.0	18.0	0.0	468.833333333	1.0	625.833333333	596.166666667	1432.33333333	0.0	2461.66666667	230.166666667	10.0	0.0	345.5	0.0	54.0	4746.83333333	0.0	2.0	6.0	167.5	0.0	0.0	0.0	0.0	76.6666666667	0.0	263.666666667	0.0	0.0	0.0	0.0	0.0	0.0	16.0	5.0	0.0	5.33333333333	2.0	0.0	3.0	143.0	0.0	0.0	1750.83333333	9.0	74.8333333333	0.0	33.6666666667	9.0	23.3333333333	0.0	13.6666666667	5311.33333333	0.0	0.0	9.0	455.0	6.33333333333	1.0	210.5	3.33333333333	102.166666667	0.0	0.0	0.0	0.0	161.0	0.0	0.0	0.0	0.0	6.0	0.0	0.0	20.1666666667	0.0	0.0	0.0	3597.16666667	20.1666666667	0.0	0.0	325.166666666	0.333333333333	23.3333333333	0.0	4026.33333333	0.0	0.0	23.0	3.0	9889.0	919.666666667	58.1666666667	68.7102485818
000D653F839F50D12DB94350155FA221EED88BA14AC35B2CDDED2956DD69DD15	https://androzoo.uni.lu/api/download?apikey=${APIKEY}&sha256=000D653F839F50D12DB94350155FA221EED88BA14AC35B2CDDED2956DD69DD15	35	2840.375	2.125	700.875	22274.375	2136.625	244.125	0.0	0.0	101.625	0.375	20.25	94116.625	91170.5	346.75	95615.25	0.0	0.0	0.0	19.625	664292352.0	37668.125	2380.75	114	21204	21660	21432	58.0	0.0	1.0	0.0	2.14285714286	33.7142857143	0.0	127.428571429	1.85714285714	4967.85714286	10377.5714286	2766.0	2.85714285714	17326.8571429	103.714285714	56.1428571429	2.85714285714	181.714285714	0.0	99.7142857143	31060.0	0.0	2.0	7.0	122.857142857	0.0	2.85714285714	0.0	0.0	13.0	0.0	787.571428571	1.42857142857	0.0	0.0	0.0	0.0	0.0	11.0	9.42857142857	0.0	508.0	2.42857142857	0.0	0.0	106.857142857	0.0	12.8571428571	877.285714286	7.0	33.5714285714	0.0	2614.71428571	3.85714285714	14.2857142857	0.0	15.0	1226.14285714	0.0	0.0	16.8571428571	4888.71428571	7.28571428571	0.428571428571	21965.7142857	2.0	291.0	0.0	0.0	0.0	0.0	162.428571429	0.0	0.0	5.0	0.0	2.0	0.0	0.0	6.71428571429	2.14285714286	0.0	0.0	1723.57142857	8.57142857143	0.0	0.0	137.428571429	1.0	14.2857142857	0.0	3536.42857143	0.0	0.0	1341.14285714	0.428571428571	8702.85714286	2035.42857143	0.0	137.05993111
000D67314D578CDFD53FA289397A2457B8B73C652DE624102E75C492DA722EE8	https://androzoo.uni.lu/api/download?apikey=${APIKEY}&sha256=000D67314D578CDFD53FA289397A2457B8B73C652DE624102E75C492DA722EE8	36	1864.0	1.57142857143	649.714285714	25934.5714286	942.571428571	101.428571429	1.14285714286	1.28571428571	35.1428571429	1.0	1.0	48021.7142857	65197.4285714	392.142857143	39910.0	1464.0	0.0	0.0	26.7142857143	527100196.571	18554.1428571	1046.42857143	127	17272	17780	17018	152.0	0.0	0.0	0.0	2.14285714286	25.1428571429	0.0	132.285714286	2.0	1217.57142857	1349.85714286	820.0	2.85714285714	5900.14285714	383.571428571	42.2857142857	2.85714285714	320.571428571	0.0	135.0	6280.57142857	0.0	7.0	7.0	194.142857143	2.0	2.85714285714	0.0	0.0	37.7142857143	0.0	382.428571429	1.42857142857	1.0	0.0	0.0	0.0	7.0	10.0	8.42857142857	0.0	28.0	2.57142857143	13.0	0.0	156.714285714	0.0	9.14285714286	2330.71428571	4.0	135.285714286	0.0	217.857142857	3.71428571429	33.5714285714	0.0	32.0	6046.85714286	0.0	1.0	12.5714285714	925.428571429	11.1428571429	0.428571428571	1309.14285714	3.0	259.571428571	1.0	1.0	1.0	0.0	140.285714286	0.0	0.0	3.0	0.0	2.0	0.0	0.0	26.0	2.14285714286	0.0	0.0	1013.85714286	32.8571428571	0.0	0.0	190.571428572	1.28571428571	32.4285714286	0.0	2601.14285714	0.0	5.85714285714	125.285714286	3.42857142857	10900.7142857	1024.71428571	0.0	136.794095151
000D7E4E33B54146CDD7E1708088FBD16D856BD48F553CBE072654218A758973	https://androzoo.uni.lu/api/download?apikey=${APIKEY}&sha256=000D7E4E33B54146CDD7E1708088FBD16D856BD48F553CBE072654218A758973	37	743.0	26.75	403.625	15099.5	237.25	67.25	0.0	0.0	159.375	0.125	0.375	29310.75	41420.75	229.0	14258.375	0.0	0.0	0.0	16.75	498061312.0	11077.0	304.5	66	11022	11154	11154	133.571428571	0.0	0.0	0.0	2.0	106.857142857	0.0	88.7142857143	1.0	362.0	278.428571429	418.857142857	0.0	2715.42857143	176.714285714	84.2857142857	0.0	131.714285714	0.0	78.0	2240.0	0.0	5.0	8.0	218.142857143	0.0	0.0	0.0	0.0	61.1428571429	0.0	407.714285714	0.0	0.0	0.0	0.0	0.0	0.0	31.0	9.0	0.0	11.0	19.7142857143	0.0	3.0	180.714285714	16.1428571429	14.0	2026.28571429	677.0	72.4285714286	0.0	41.7142857143	5.42857142857	20.1428571429	0.0	17.1428571429	5799.71428571	0.0	0.0	53.4285714286	246.428571429	7.71428571429	1.71428571429	447.571428571	2.28571428571	470.857142857	0.0	0.0	0.0	0.0	88.4285714286	0.0	0.0	0.0	16.0	10.0	0.0	0.0	17.4285714286	5.0	0.0	0.0	374.0	23.8571428571	0.0	0.0	416.142857143	1.0	20.1428571429	0.0	2265.0	0.0	0.0	186.571428571	4.0	10728.0	925.571428571	0.0	70.8485572625
000D8D6706827803413E8B1AE86E1B54617D888A34889F0463C0FBD512B052F1	https://androzoo.uni.lu/api/download?apikey=${APIKEY}&sha256=000D8D6706827803413E8B1AE86E1B54617D888A34889F0463C0FBD512B052F1	38	681.6	1.1	407.1	16306.8	73.8	32.6	0.0	0.0	22.2	0.3	0.0	27691.8	39906.6	229.9	7534.8	0.0	0.0	0.0	9.9	487718502.4	8885.2	106.4	71	12283	12354	12354	6.71428571429	0.142857142857	0.0	0.0	0.0	0.0	0.0	22.4285714286	2.0	372.428571429	459.0	213.571428572	0.0	384.0	99.0	0.0	0.0	239.714285714	0.0	97.0	2510.28571429	0.0	0.0	0.0	61.7142857143	0.0	0.0	0.0	0.0	3.0	0.0	333.142857143	0.0	0.0	0.0	0.0	0.0	0.0	0.857142857143	0.0	0.0	10.8571428571	0.0	0.0	0.0	14.4285714286	0.0	1.0	361.428571429	0.0	35.8571428571	0.0	3.57142857143	0.0	4.42857142857	0.0	24.8571428571	903.285714286	0.0	0.0	0.0	292.285714286	1.14285714286	0.0	1.57142857143	1.0	8.71428571429	0.0	0.0	0.0	0.0	6.85714285714	0.0	0.0	0.0	0.0	0.0	0.0	0.0	1.0	0.0	0.0	0.0	351.714285714	1.0	0.0	0.0	9.14285714286	1.0	4.42857142857	0.0	2869.42857143	0.0	2.42857142857	0.0	0.0	1690.57142857	547.428571429	0.0	71.7421800255
000DB7EC8F36F3E5EF395D970829CCFB879C0990688700057E1B4BAAFC4A3B02	https://androzoo.uni.lu/api/download?apikey=${APIKEY}&sha256=000DB7EC8F36F3E5EF395D970829CCFB879C0990688700057E1B4BAAFC4A3B02	39	1330.83333333	1.16666666667	698.166666667	24370.3333333	348.0	99.6666666667	0.0	0.0	31.1666666667	0.5	0.5	48273.5	80060.3333333	381.333333333	16196.1666667	0.0	0.0	0.0	20.0	515462485.333	11987.0	447.666666667	117	15795	14859	13806	33.0	0.0	0.0	0.0	1.5	12.6666666667	0.0	46.8333333333	2.0	863.166666667	963.666666667	425.5	1.0	4384.0	223.833333333	13.6666666667	1.0	432.833333333	0.0	141.0	8056.66666667	0.0	9.0	18.0	181.166666667	0.0	1.0	0.0	0.0	11.3333333333	0.0	764.333333333	0.5	0.0	0.0	0.0	0.0	0.0	19.6666666667	19.1666666667	0.0	28.3333333333	2.0	0.0	9.0	57.0	0.0	1.5	2499.16666667	15.8333333333	94.1666666667	0.0	9.16666666667	1.5	17.3333333333	0.0	58.6666666667	9292.83333333	0.0	0.0	6.33333333333	687.5	3.0	0.5	208.0	4.5	127.333333333	0.0	0.0	0.0	0.0	28.8333333333	0.0	0.0	0.0	0.0	2.0	0.0	0.0	9.83333333333	1.5	0.0	0.0	732.333333333	11.3333333333	0.0	0.0	69.6666666667	1.0	17.3333333333	0.0	7171.5	0.0	0.0	33.6666666667	9.5	16228.1666667	1331.33333333	0.0	120.055993378
000DC14AE39B760768638D0C9379A1594CEEE5C4442A9E1EE0ADE9FC4BB43C74	https://androzoo.uni.lu/api/download?apikey=${APIKEY}&sha256=000DC14AE39B760768638D0C9379A1594CEEE5C4442A9E1EE0ADE9FC4BB43C74	40	915.666666667	0.777777777778	569.111111111	13722.6666667	316.888888889	97.1111111111	0.0	0.0	226.222222222	1.11111111111	0.666666666667	47565.7777778	66898.5555556	223.111111111	12723.7777778	0.0	0.0	0.0	13.7777777778	496450218.667	11496.6666667	414.0	62	1984	2046	2046	13.0	0.0	0.0	0.0	1.0	300.0	0.0	35.125	1.0	1179.5	1875.5	985.375	0.0	2372.375	141.375	270.625	0.0	675.25	0.0	34.0	9531.125	0.0	6.0	16.0	322.125	0.0	0.0	0.0	0.0	124.875	0.0	310.875	0.0	0.0	0.0	0.0	0.0	0.0	17.0	14.0	0.0	6.0	19.25	0.0	8.0	290.625	10.125	11.0	1615.125	1067.0	35.375	0.0	34.125	3.5	15.75	0.0	13.0	5144.75	0.0	0.0	150.0	1032.0	6.25	1.0	585.75	3.75	1235.0	0.0	0.0	0.0	0.0	53.5	0.0	0.0	0.0	10.875	0.0	0.0	0.0	12.75	4.0	0.0	0.0	1009.25	13.75	0.0	0.0	812.5	2.25	15.75	0.0	4668.875	0.0	1.0	867.0	8.0	9451.0	749.375	0.0	57.1845542437
000DC6ADDB64FF504371042823EE83AD2F42F55588456B7E4346B300190DDBCF	https://androzoo.uni.lu/api/download?apikey=${APIKEY}&sha256=000DC6ADDB64FF504371042823EE83AD2F42F55588456B7E4346B300190DDBCF	41	954.714285714	0.714285714286	412.142857143	18626.1428571	307.0	34.1428571429	0.0	0.0	50.5714285714	0.0	0.0	25989.4285714	35016.1428571	262.285714286	16825.7142857	0.0	0.0	0.0	12.0	488942445.714	9967.42857143	341.142857143	85	8840	9605	4675	33.0	0.111111111111	0.0	0.0	0.0	0.0	0.0	26.2222222222	0.0	278.333333333	331.444444444	163.777777778	0.0	1020.22222222	75.1111111111	1.0	0.0	139.777777778	0.0	83.0	1539.88888889	0.0	2.0	2.0	52.6666666667	0.0	0.0	0.0	0.0	1.0	0.0	59.8888888889	0.0	0.0	0.0	0.0	0.0	0.0	4.33333333333	2.0	0.0	6.22222222222	2.0	0.0	0.0	26.4444444444	0.0	0.0	1042.22222222	1.0	44.5555555556	0.0	8.22222222222	1.0	7.55555555556	0.0	14.2222222222	2141.11111111	0.0	0.0	0.0	236.111111111	1.55555555556	0.0	9.55555555556	1.0	9.22222222222	0.0	0.0	0.0	0.0	33.6666666667	0.0	0.0	0.0	0.0	0.0	0.0	0.0	4.88888888889	0.0	0.0	0.0	238.666666667	4.88888888889	0.0	0.0	15.4444444444	1.77777777778	7.55555555556	0.0	700.444444444	0.0	17.2222222222	0.0	1.0	3703.55555556	209.111111111	0.0	78.7071702242
000DD9DD0BE92AD0EC56E8DA4C160E74371A11086FAC4B2FFC50211D4B97A246	https://androzoo.uni.lu/api/download?apikey=${APIKEY}&sha256=000DD9DD0BE92AD0EC56E8DA4C160E74371A11086FAC4B2FFC50211D4B97A246	42	2001.11111111	1.66666666667	634.777777778	26150.2222222	897.333333333	82.3333333333	0.0	0.0	70.1111111111	0.111111111111	0.444444444444	44962.8888889	58559.0	466.111111111	57081.8888889	0.0	0.0	0.0	18.1111111111	513178737.778	17360.0	979.666666667	129	18963	17931	15351	41.5714285715	0.0	0.0	0.0	4.0	24.0	0.0	50.0	0.0	648.714285714	729.0	419.857142857	4.0	4692.85714286	240.142857143	43.0	4.0	243.571428571	0.0	129.0	3895.42857143	0.0	3.0	3.14285714286	96.7142857143	0.285714285714	4.0	0.0	0.0	20.1428571429	0.0	216.285714286	2.0	0.0	0.0	0.0	0.0	0.0	7.14285714286	5.14285714286	0.0	28.8571428571	11.1428571429	0.0	0.0	85.0	0.0	12.0	862.0	1.14285714286	91.5714285714	0.0	163.714285714	4.28571428571	26.1428571429	0.0	14.0	2720.71428571	0.0	0.0	12.0	500.571428571	8.14285714286	1.0	788.857142857	1.0	202.571428571	0.0	0.0	0.0	0.0	71.4285714286	0.0	0.0	3.0	7.0	2.0	0.0	0.0	23.2857142857	4.0	0.0	0.0	461.857142857	29.1428571429	0.142857142857	0.0	147.0	1.14285714286	26.1428571429	0.0	1148.42857143	0.0	0.714285714286	106.0	2.0	5378.57142857	385.714285714	0.0	142.126076876
000DE5077A230E176DA29B3B3B20BAA8F7F5A01275B82BC375CFA2CB7902177D	https://androzoo.uni.lu/api/download?apikey=${APIKEY}&sha256=000DE5077A230E176DA29B3B3B20BAA8F7F5A01275B82BC375CFA2CB7902177D	43	832.714285714	2.42857142857	399.285714286	14543.2857143	397.571428571	111.857142857	0.571428571429	1.42857142857	67.7142857143	0.142857142857	1.0	27179.7142857	33302.7142857	211.714285714	20891.7142857	1464.14285714	0.0	0.0	19.4285714286	532253549.714	15563.0	511.428571429	64	4800	6400	5888	224.0	0.0	0.0	0.0	4.0	30.0	0.0	36.8571428571	3.0	2968.85714286	3165.28571429	591.714285715	4.0	6530.28571429	189.571428571	53.0	4.0	151.714285714	0.0	53.7142857143	9656.0	0.0	9.14285714286	12.1428571429	190.428571429	2.0	4.0	0.0	0.0	35.0	0.0	290.285714286	2.0	1.0	0.0	0.0	0.0	7.0	19.8571428571	18.8571428571	0.0	54.5714285714	8.0	13.0	0.0	199.0	0.0	14.0	1374.0	9.71428571429	47.4285714286	0.0	148.857142857	6.0	26.2857142857	0.0	9.0	3895.85714286	0.0	1.0	15.0	2835.57142857	6.57142857143	1.0	11195.2857143	2.0	298.857142857	1.0	1.0	1.0	0.0	40.0	0.0	0.0	4.0	3.0	2.0	0.0	0.0	18.2857142857	4.0	0.0	0.0	437.857142857	21.2857142857	0.0	0.0	197.428571429	1.0	25.2857142857	0.0	1527.28571429	0.0	0.0	292.428571429	2.71428571429	6337.85714286	970.714285714	0.0	61.9940754307
000DF7629AAF1829AF2FEEA20BC43E46870C0735C849AF0C2CB9CB5CE1D46A2D	https://androzoo.uni.lu/api/download?apikey=${APIKEY}&sha256=000DF7629AAF1829AF2FEEA20BC43E46870C0735C849AF0C2CB9CB5CE1D46A2D	44	1002.5	0.5	482.75	20322.0	358.5	91.0	0.0	0.0	52.75	0.0	1.75	31997.75	40979.75	286.25	19937.75	0.0	0.0	0.0	18.0	522684416.0	15625.25	449.5	93	7347	6510	4557	51.1428571429	0.0	0.0	0.0	4.0	28.2857142857	0.0	44.8571428571	1.0	4908.28571429	6667.0	3093.71428571	4.0	7446.0	189.285714286	43.5714285714	4.0	1391.71428571	0.0	57.2857142857	26742.4285714	0.0	6.85714285714	10.7142857143	96.4285714286	0.0	4.0	0.0	0.0	19.5714285714	0.0	1454.71428571	2.0	0.0	0.0	0.0	0.0	0.0	17.0	16.0	0.0	64.7142857143	2.0	0.0	0.0	99.2857142857	0.0	7.14285714286	982.571428571	9.14285714286	54.0	0.0	220.714285714	4.42857142857	18.2857142857	0.0	5.0	3058.14285714	0.0	0.0	14.1428571429	4777.42857143	7.57142857143	1.0	15129.4285714	1.0	253.428571429	0.0	0.0	0.0	0.0	23.4285714286	0.0	0.0	4.14285714286	0.0	2.0	0.0	0.0	12.1428571429	4.0	0.0	0.0	3227.28571429	16.1428571429	0.0	0.0	137.285714286	1.28571428571	18.2857142857	0.0	26529.5714286	0.0	0.142857142857	295.571428571	2.28571428571	5585.0	2057.42857143	0.0	83.3135528975
000DFAF963FC86236D52F5355932FCCA59DAF1632FDDD654DF342B67D58A44F5	https://androzoo.uni.lu/api/download?apikey=${APIKEY}&sha256=000DFAF963FC86236D52F5355932FCCA59DAF1632FDDD654DF342B67D58A44F5	45	1238.11111111	0.888888888889	573.222222222	25534.7777778	458.666666667	81.0	0.0	0.0	89.0	0.111111111111	0.666666666667	47343.4444444	60662.8888889	342.666666667	28520.1111111	0.0	0.0	0.0	24.2222222222	523198008.889	15389.0	539.666666667	122	17690	17568	17446	68.0	0.0	0.0	0.0	5.0	48.0	0.0	46.6666666667	0.0	699.0	860.333333333	561.5	4.0	5479.33333333	267.666666667	58.0	4.0	244.333333333	0.0	107.0	4392.16666667	0.0	3.0	3.0	144.666666667	0.0	4.0	0.0	0.0	24.0	0.0	204.833333333	2.0	0.0	0.0	0.0	0.0	0.0	5.0	5.0	0.0	27.3333333333	7.0	0.0	0.0	115.666666667	0.0	6.0	2268.66666667	1.0	76.6666666667	0.0	104.166666667	4.0	28.0	0.0	28.0	6187.5	0.0	0.0	24.0	511.833333333	5.83333333333	1.0	705.833333333	1.0	305.0	0.0	0.0	0.0	0.0	31.5	0.0	0.0	3.0	1.0	2.0	0.0	0.0	24.6666666667	5.0	0.0	0.0	496.0	29.6666666667	0.0	0.0	178.666666667	1.83333333333	28.0	0.0	1540.33333333	0.0	0.0	157.0	2.0	11065.0	491.666666667	0.0	121.212937827
000DFF4D2316A4255F8BEA4DBAFBD66BAEF4BFDF92934FF9393A6F151DBBE545	https://androzoo.uni.lu/api/download?apikey=${APIKEY}&sha256=000DFF4D2316A4255F8BEA4DBAFBD66BAEF4BFDF92934FF9393A6F151DBBE545	46	1998.375	0.75	1071.375	25466.25	659.25	203.5	0.0	0.0	99.375	0.5	1.0	66121.25	95804.5	359.25	27759.625	0.0	0.0	0.0	21.875	505022976.0	12776.0	862.75	128	21376	22400	22144	237.285714286	0.0	0.0	0.0	0.0	66.0	0.0	3895.14285714	2.0	1366.14285714	1343.28571429	24310.4285714	0.0	6278.42857143	389.428571429	75.4285714286	0.0	516.857142857	0.0	137.0	11311.0	0.0	10.4285714286	18.2857142857	274.0	0.0	0.0	0.0	0.0	75.8571428571	0.0	1150.42857143	0.0	0.0	0.0	0.0	0.0	0.0	61.2857142857	17.5714285714	0.0	20.0	38.1428571429	0.0	6.14285714286	133.714285714	15.0	26.4285714286	3754.42857143	1082.14285714	104.285714286	0.0	34.1428571429	6.28571428571	31.0	0.0	67.0	13649.7142857	0.0	0.0	33.0	1037.42857143	6.57142857143	1.0	630.142857143	7.85714285714	335.0	0.0	0.0	0.0	0.0	197.428571429	0.0	0.0	0.0	25.8571428571	0.0	0.0	0.0	19.1428571429	4.0	0.0	0.0	1551.71428571	19.1428571429	0.0	0.0	342.142857143	1.42857142857	31.0	0.0	9189.57142857	0.0	3.71428571429	123.0	9.14285714286	22947.1428571	1600.85714286	0.0	145.993484338
000E02676ECF1C0EBC63824B88634D0E994058FFBC476AD53E601DB2410D974D	https://androzoo.uni.lu/api/download?apikey=${APIKEY}&sha256=000E02676ECF1C0EBC63824B88634D0E994058FFBC476AD53E601DB2410D974D	47	662.625	2.0	401.625	15535.5	210.0	50.375	0.0	0.0	25.25	0.5	5.125	40872.0	48239.125	184.75	16898.0	0.0	0.0	0.0	13.0	491806208.0	14381.25	260.375	68	11356	8568	5712	13.0	0.0	2.0	0.0	2.0	0.0	0.0	25.5	2.0	432.5	485.5	280.0	0.0	541.166666667	166.666666667	1.0	0.0	103.166666667	0.0	64.0	1387.5	0.0	8.0	0.0	73.3333333333	0.0	0.0	0.0	0.0	26.0	0.0	206.666666667	0.0	0.0	0.0	0.0	0.0	0.0	4.0	10.0	0.0	6.0	6.0	0.0	0.0	52.0	4.0	1.0	433.166666667	4.0	409.833333333	0.0	774.0	1.0	13.1666666667	0.0	8.0	1366.16666667	0.0	0.0	0.0	278.833333333	4.16666666667	0.0	13.6666666667	2.0	14.0	0.0	0.0	0.0	0.0	46.8333333333	0.0	0.0	0.0	0.0	14.0	0.0	0.0	9.16666666667	2.0	0.0	0.0	1034.66666667	10.1666666667	0.0	0.0	34.0	2.0	13.1666666667	0.0	2113.5	0.0	2.66666666667	0.0	4.0	2531.66666667	440.333333333	0.0	78.8554847255
000E25D583547128789D5054E2EB72E682DE5C104836283725CD7D13B447F0B1	https://androzoo.uni.lu/api/download?apikey=${APIKEY}&sha256=000E25D583547128789D5054E2EB72E682DE5C104836283725CD7D13B447F0B1	48	1970.8	182.2	1129.4	30712.2	899.0	215.6	22.6	4.0	431.0	1.4	5.0	89713.8	131013.8	567.4	33025.2	2663.0	0.0	0.0	26.0	535801036.8	16742.4	1141.2	157	24649	24806	24335	208.111111111	0.0	0.0	0.0	4.0	423.777777778	0.0	161.222222222	4.22222222222	2110.0	2679.77777778	2142.66666667	4.0	5506.11111111	577.555555556	387.333333333	4.0	1321.11111111	0.0	243.444444444	18905.8888889	0.0	18.2222222222	55.2222222222	636.888888889	2.0	4.0	0.0	0.0	431.222222222	0.0	694.222222222	2.0	1.0	0.0	0.0	0.0	7.0	58.4444444444	46.7777777778	0.0	44.4444444444	39.0	21.0	24.3333333333	579.444444444	4.33333333333	25.3333333333	3539.44444444	56.5555555556	137.111111111	0.0	81.1111111111	7.33333333333	67.0	0.0	27.6666666667	11960.0	0.0	1.0	211.888888889	1738.66666667	14.1111111111	1.0	2087.55555556	2.88888888889	2176.55555556	1.0	1.0	1.0	0.0	265.0	0.0	0.0	4.0	17.8888888889	4.22222222222	0.0	0.0	57.4444444444	5.66666666667	0.0	0.0	2138.22222222	143.555555556	0.0	0.0	1514.77777778	1.0	66.0	0.0	10216.5555556	0.0	7.88888888889	1164.55555556	27.0	21194.1111111	1705.88888889	0.0	176.310866748
000E6C277A47B1D5DDE64C1559380DC4B76E936DE67DC8AFD50601ACFF178A3E	https://androzoo.uni.lu/api/download?apikey=${APIKEY}&sha256=000E6C277A47B1D5DDE64C1559380DC4B76E936DE67DC8AFD50601ACFF178A3E	49	730.285714286	1.14285714286	396.571428571	15092.7142857	173.0	52.4285714286	0.0	0.0	35.2857142857	0.142857142857	0.285714285714	32244.5714286	44550.8571429	236.285714286	15177.4285714	0.0	0.0	0.0	19.2857142857	533444315.429	14144.1428571	225.428571429	65	11115	11310	11765	68.875	0.0	0.0	0.0	5.0	14.0	0.0	27.5	2.0	562.5	669.75	278.5	4.0	957.625	167.375	28.375	4.0	161.125	0.0	78.0	2519.0	0.0	1.625	6.0	110.0	0.5	4.0	0.0	0.0	30.25	0.0	345.375	2.0	0.0	0.0	0.0	0.0	0.0	10.625	5.625	0.0	9.0	16.625	0.0	3.0	92.5	0.0	11.75	1447.0	4.0	44.0	0.0	13.75	7.0	25.5	0.0	14.0	2178.375	0.0	0.0	7.0	454.625	5.25	1.0	625.625	2.0	109.875	0.0	0.0	0.0	0.0	26.75	0.0	0.0	0.0	10.625	14.0	0.0	0.0	19.75	5.0	0.0	0.0	372.875	22.625	0.0	0.0	131.375	1.25	25.5	0.0	2554.125	0.0	0.0	35.0	4.0	4594.125	1320.875	0.0	70.0146681997
000E792347808CD27B987372250B2FC3EC3F79D9A6D5BD2E69EB944371F496D1	https://androzoo.uni.lu/api/download?apikey=${APIKEY}&sha256=000E792347808CD27B987372250B2FC3EC3F79D9A6D5BD2E69EB944371F496D1	50	1606.75	1.125	645.5	17520.625	283.625	87.5	1.0	1.75	63.25	0.25	0.75	54541.75	92520.125	236.125	26622.125	1464.0	0.0	0.0	18.25	515190784.0	21682.625	373.875	84	8736	8484	8484	132.0	0.0	0.0	0.0	4.0	28.2857142857	0.0	41.7142857143	2.0	741.142857143	961.0	612.428571429	4.0	3948.71428571	223.285714286	45.5714285714	4.0	299.857142857	0.0	49.1428571429	5429.42857143	0.0	3.0	3.0	145.0	2.0	4.0	0.0	0.0	31.1428571429	0.0	424.0	2.0	1.0	0.0	0.0	0.0	7.0	6.14285714286	5.0	0.0	23.5714285714	4.0	13.0	0.0	143.285714286	0.0	9.14285714286	1332.0	1.0	70.0	0.0	90.1428571429	5.42857142857	27.8571428571	0.0	16.5714285714	4568.57142857	0.0	1.0	14.1428571429	581.0	6.0	1.0	759.142857143	1.0	266.714285714	1.0	1.0	1.0	0.0	26.8571428571	0.0	0.0	3.0	0.0	2.0	0.0	0.0	21.2857142857	4.0	0.0	0.0	731.571428571	24.5714285714	0.0	0.0	171.428571429	1.14285714286	26.8571428571	0.0	4070.57142857	0.0	0.0	130.285714286	2.0	7792.14285714	936.142857143	0.0	96.4689517685
